Copountry, Public Debt, Year, Public Debt/GDP
['AFG', None, 'YR2023', None]
['AFG', None, 'YR2022', None]
['AFG', None, 'YR2021', None]
['AFG', None, 'YR2020', None]
['AFG', None, 'YR2019', None]
['AFG', None, 'YR2018', None]
['AFG', None, 'YR2017', None]
['AFG', None, 'YR2016', None]
['AFG', None, 'YR2015', None]
['AFG', None, 'YR2014', None]
['AFG', None, 'YR2013', None]
['AFG', None, 'YR2012', None]
['AFG', None, 'YR2011', None]
['AFG', None, 'YR2010', None]
['ALB', None, 'YR2023', None]
['ALB', None, 'YR2022', None]
['ALB', 1529181608735.44, 'YR2021', 82.3836112949451]
['ALB', 1381988650000, 'YR2020', 83.887494535694]
['ALB', 1280745319000, 'YR2019', 75.6984882494976]
['ALB', 1056842548211.89, 'YR2018', 64.5703814218613]
['ALB', 1176765132200, 'YR2017', 75.8887278169195]
['ALB', 1188814490000, 'YR2016', 80.7355819675527]
['ALB', 1145500940000, 'YR2015', 79.8644181475793]
['ALB', 1023040800000, 'YR2014', 73.3202274771466]
['ALB', 952877800000, 'YR2013', 70.5807697920008]
['ALB', 848589470000, 'YR2012', 63.6691526405469]
['ALB', 905724300000, 'YR2011', 69.6376739165201]
['ALB', None, 'YR2010', None]
['DZA', None, 'YR2023', None]
['DZA', None, 'YR2022', None]
['DZA', None, 'YR2021', None]
['DZA', None, 'YR2020', None]
['DZA', None, 'YR2019', None]
['DZA', None, 'YR2018', None]
['DZA', None, 'YR2017', None]
['DZA', None, 'YR2016', None]
['DZA', None, 'YR2015', None]
['DZA', None, 'YR2014', None]
['DZA', None, 'YR2013', None]
['DZA', None, 'YR2012', None]
['DZA', None, 'YR2011', None]
['DZA', None, 'YR2010', None]
['ASM', None, 'YR2023', None]
['ASM', None, 'YR2022', None]
['ASM', None, 'YR2021', None]
['ASM', None, 'YR2020', None]
['ASM', None, 'YR2019', None]
['ASM', None, 'YR2018', None]
['ASM', None, 'YR2017', None]
['ASM', None, 'YR2016', None]
['ASM', None, 'YR2015', None]
['ASM', None, 'YR2014', None]
['ASM', None, 'YR2013', None]
['ASM', None, 'YR2012', None]
['ASM', None, 'YR2011', None]
['ASM', None, 'YR2010', None]
['AGO', None, 'YR2023', None]
['AGO', None, 'YR2022', None]
['AGO', None, 'YR2021', None]
['AGO', None, 'YR2020', None]
['AGO', None, 'YR2019', None]
['AGO', None, 'YR2018', None]
['AGO', None, 'YR2017', None]
['AGO', None, 'YR2016', None]
['AGO', None, 'YR2015', None]
['AGO', None, 'YR2014', None]
['AGO', None, 'YR2013', None]
['AGO', None, 'YR2012', None]
['AGO', None, 'YR2011', None]
['AGO', None, 'YR2010', None]
['ATG', None, 'YR2023', None]
['ATG', None, 'YR2022', None]
['ATG', None, 'YR2021', None]
['ATG', None, 'YR2020', None]
['ATG', None, 'YR2019', None]
['ATG', None, 'YR2018', None]
['ATG', None, 'YR2017', None]
['ATG', None, 'YR2016', None]
['ATG', None, 'YR2015', None]
['ATG', None, 'YR2014', None]
['ATG', None, 'YR2013', None]
['ATG', None, 'YR2012', None]
['ATG', None, 'YR2011', None]
['ATG', None, 'YR2010', None]
['ARG', None, 'YR2023', None]
['ARG', None, 'YR2022', None]
['ARG', None, 'YR2021', None]
['ARG', None, 'YR2020', None]
['ARG', None, 'YR2019', None]
['ARG', None, 'YR2018', None]
['ARG', None, 'YR2017', None]
['ARG', None, 'YR2016', None]
['ARG', None, 'YR2015', None]
['ARG', None, 'YR2014', None]
['ARG', None, 'YR2013', None]
['ARG', None, 'YR2012', None]
['ARG', None, 'YR2011', None]
['ARG', None, 'YR2010', None]
['ARM', None, 'YR2023', None]
['ARM', None, 'YR2022', None]
['ARM', 4200685256434.96, 'YR2021', 60.080359768226]
['ARM', 3919401297115.88, 'YR2020', 63.4012140067668]
['ARM', 3273520556966.98, 'YR2019', 50.0284206863703]
['ARM', None, 'YR2018', None]
['ARM', None, 'YR2017', None]
['ARM', None, 'YR2016', None]
['ARM', None, 'YR2015', None]
['ARM', None, 'YR2014', None]
['ARM', None, 'YR2013', None]
['ARM', None, 'YR2012', None]
['ARM', None, 'YR2011', None]
['ARM', None, 'YR2010', None]
['ABW', None, 'YR2023', None]
['ABW', None, 'YR2022', None]
['ABW', None, 'YR2021', None]
['ABW', None, 'YR2020', None]
['ABW', None, 'YR2019', None]
['ABW', None, 'YR2018', None]
['ABW', None, 'YR2017', None]
['ABW', None, 'YR2016', None]
['ABW', None, 'YR2015', None]
['ABW', None, 'YR2014', None]
['ABW', None, 'YR2013', None]
['ABW', None, 'YR2012', None]
['ABW', None, 'YR2011', None]
['ABW', None, 'YR2010', None]
['AUS', None, 'YR2023', None]
['AUS', 1352679000000, 'YR2022', 57.9747482128782]
['AUS', 1460303000000, 'YR2021', 69.9077170244066]
['AUS', 1373720000000, 'YR2020', 69.2190559498699]
['AUS', 1172794000000, 'YR2019', 60.141986685415]
['AUS', 1003971000000, 'YR2018', 54.429696919754]
['AUS', 937119000000, 'YR2017', 53.2642217874726]
['AUS', 906514000000, 'YR2016', 54.6443021310045]
['AUS', 754945000000, 'YR2015', 46.4657885326389]
['AUS', 667279000000, 'YR2014', 41.7128890194693]
['AUS', 577399000000, 'YR2013', 37.5557499617872]
['AUS', 591916000000, 'YR2012', 39.43866550466]
['AUS', 426921000000, 'YR2011', 30.0934479304635]
['AUS', 373863000000, 'YR2010', 28.6621010272305]
['AUT', None, 'YR2023', None]
['AUT', None, 'YR2022', None]
['AUT', 383083610000, 'YR2021', 94.5321951541873]
['AUT', 380544510000, 'YR2020', 99.9096979729971]
['AUT', 330017120000, 'YR2019', 83.0969293777453]
['AUT', 324460470000, 'YR2018', 84.2154918852706]
['AUT', 330229490000, 'YR2017', 89.4054088474265]
['AUT', 338635550000, 'YR2016', 94.6946369620698]
['AUT', 327345870000, 'YR2015', 95.0842658810954]
['AUT', 319152700000, 'YR2014', 95.7996292737297]
['AUT', 284058230000, 'YR2013', 87.6965992426296]
['AUT', 288700890000, 'YR2012', 90.6003878073782]
['AUT', 265769430000, 'YR2011', 85.6965073785828]
['AUT', 253838690000, 'YR2010', 85.7862698271937]
['AZE', None, 'YR2023', None]
['AZE', None, 'YR2022', None]
['AZE', 15679040000, 'YR2021', 16.8224266977958]
['AZE', 16105080000, 'YR2020', 22.1899994626478]
['AZE', None, 'YR2019', None]
['AZE', None, 'YR2018', None]
['AZE', None, 'YR2017', None]
['AZE', None, 'YR2016', None]
['AZE', None, 'YR2015', None]
['AZE', None, 'YR2014', None]
['AZE', None, 'YR2013', None]
['AZE', None, 'YR2012', None]
['AZE', None, 'YR2011', None]
['AZE', 2711634760, 'YR2010', 6.38557579182856]
['BHS', None, 'YR2023', None]
['BHS', 10792807646.4925, 'YR2022', 83.6820417021454]
['BHS', 9935319415.63292, 'YR2021', 86.187232517028]
['BHS', 8191220004.29022, 'YR2020', 83.9728948833394]
['BHS', 7527058000, 'YR2019', 57.6401785782658]
['BHS', 7243195000, 'YR2018', 57.2421682367073]
['BHS', 6550127000, 'YR2017', 53.4551515893418]
['BHS', 5964766000, 'YR2016', 50.7605099227287]
['BHS', 5637362000, 'YR2015', 48.2944426834805]
['BHS', 5160171000, 'YR2014', 47.0183602434669]
['BHS', 4689411000, 'YR2013', 45.1100091385696]
['BHS', 3907567900, 'YR2012', 36.4498330286183]
['BHS', 3555516300, 'YR2011', 35.306429206242]
['BHS', 3401491900, 'YR2010', 33.6922817103418]
['BHR', None, 'YR2023', None]
['BHR', None, 'YR2022', None]
['BHR', None, 'YR2021', None]
['BHR', None, 'YR2020', None]
['BHR', None, 'YR2019', None]
['BHR', None, 'YR2018', None]
['BHR', None, 'YR2017', None]
['BHR', None, 'YR2016', None]
['BHR', None, 'YR2015', None]
['BHR', None, 'YR2014', None]
['BHR', None, 'YR2013', None]
['BHR', None, 'YR2012', None]
['BHR', None, 'YR2011', None]
['BHR', None, 'YR2010', None]
['BGD', None, 'YR2023', None]
['BGD', None, 'YR2022', None]
['BGD', None, 'YR2021', None]
['BGD', None, 'YR2020', None]
['BGD', None, 'YR2019', None]
['BGD', None, 'YR2018', None]
['BGD', None, 'YR2017', None]
['BGD', None, 'YR2016', None]
['BGD', None, 'YR2015', None]
['BGD', None, 'YR2014', None]
['BGD', None, 'YR2013', None]
['BGD', None, 'YR2012', None]
['BGD', None, 'YR2011', None]
['BGD', None, 'YR2010', None]
['BRB', None, 'YR2023', None]
['BRB', None, 'YR2022', None]
['BRB', None, 'YR2021', None]
['BRB', None, 'YR2020', None]
['BRB', None, 'YR2019', None]
['BRB', None, 'YR2018', None]
['BRB', None, 'YR2017', None]
['BRB', 14201382937, 'YR2016', 146.608541046394]
['BRB', 13365027241, 'YR2015', 141.159983534009]
['BRB', 12175704025, 'YR2014', 129.319653592064]
['BRB', 11270291340, 'YR2013', 120.266471812274]
['BRB', 10397944167, 'YR2012', 112.681861861569]
['BRB', 9338336564, 'YR2011', 100.274209303324]
['BRB', 8672652668, 'YR2010', 95.7003483442393]
['BLR', None, 'YR2023', None]
['BLR', None, 'YR2022', None]
['BLR', None, 'YR2021', None]
['BLR', None, 'YR2020', None]
['BLR', 44790614100, 'YR2019', 33.2442286168097]
['BLR', 45375394200, 'YR2018', 37.0956460104644]
['BLR', 42172492700, 'YR2017', 39.8801799561221]
['BLR', 36958042200, 'YR2016', 38.9240984107258]
['BLR', 33804450453.3197, 'YR2015', 37.5980986022908]
['BLR', 19781184418, 'YR2014', 24.5488085208305]
['BLR', 15987400000, 'YR2013', 23.8372955552391]
['BLR', 13377900000, 'YR2012', 24.4293134230567]
['BLR', 12110618048, 'YR2011', 39.4168108447656]
['BLR', 3222697837.03379, 'YR2010', 18.905245726907]
['BEL', None, 'YR2023', None]
['BEL', None, 'YR2022', None]
['BEL', 548875079749.779, 'YR2021', 108.061250958751]
['BEL', 549403112751.288, 'YR2020', 119.241639784917]
['BEL', 494867473994.472, 'YR2019', 103.382510764996]
['BEL', 466458109007.269, 'YR2018', 101.392739455571]
['BEL', 462334189946.723, 'YR2017', 103.883627921154]
['BEL', 473937661538.291, 'YR2016', 110.196200971828]
['BEL', 452501503432.437, 'YR2015', 108.591308652296]
['BEL', 452609216979.576, 'YR2014', 112.309059747048]
['BEL', 399026061618.363, 'YR2013', 101.564361030942]
['BEL', 401731745144.005, 'YR2012', 104.028499314949]
['BEL', 359315300156.279, 'YR2011', 95.5707643463826]
['BEL', 338470011701.832, 'YR2010', 93.20645439648]
['BLZ', None, 'YR2023', None]
['BLZ', None, 'YR2022', None]
['BLZ', None, 'YR2021', None]
['BLZ', None, 'YR2020', None]
['BLZ', None, 'YR2019', None]
['BLZ', None, 'YR2018', None]
['BLZ', None, 'YR2017', None]
['BLZ', None, 'YR2016', None]
['BLZ', None, 'YR2015', None]
['BLZ', 2609974000, 'YR2014', 61.4075232145145]
['BLZ', 2488400000, 'YR2013', 61.5405181138477]
['BLZ', 2344154000, 'YR2012', 61.7043956141552]
['BLZ', 2286248000, 'YR2011', 62.8493472104622]
['BLZ', 2240073000, 'YR2010', 64.4043258594355]
['BEN', None, 'YR2023', None]
['BEN', None, 'YR2022', None]
['BEN', None, 'YR2021', None]
['BEN', None, 'YR2020', None]
['BEN', None, 'YR2019', None]
['BEN', None, 'YR2018', None]
['BEN', None, 'YR2017', None]
['BEN', None, 'YR2016', None]
['BEN', None, 'YR2015', None]
['BEN', None, 'YR2014', None]
['BEN', None, 'YR2013', None]
['BEN', None, 'YR2012', None]
['BEN', None, 'YR2011', None]
['BEN', None, 'YR2010', None]
['BMU', None, 'YR2023', None]
['BMU', None, 'YR2022', None]
['BMU', None, 'YR2021', None]
['BMU', None, 'YR2020', None]
['BMU', None, 'YR2019', None]
['BMU', None, 'YR2018', None]
['BMU', None, 'YR2017', None]
['BMU', None, 'YR2016', None]
['BMU', None, 'YR2015', None]
['BMU', None, 'YR2014', None]
['BMU', None, 'YR2013', None]
['BMU', None, 'YR2012', None]
['BMU', None, 'YR2011', None]
['BMU', None, 'YR2010', None]
['BTN', None, 'YR2023', None]
['BTN', None, 'YR2022', None]
['BTN', None, 'YR2021', None]
['BTN', 202153590400, 'YR2020', 111.007897250326]
['BTN', 174071424662.205, 'YR2019', 90.3573579099114]
['BTN', 169337176200, 'YR2018', 95.8478211290164]
['BTN', 161629691050, 'YR2017', 95.7786811031396]
['BTN', 146201510150, 'YR2016', 100.778044131213]
['BTN', 113756599576.39, 'YR2015', 88.5026841632725]
['BTN', 108370000000, 'YR2014', 93.110334600343]
['BTN', 101310000000, 'YR2013', 98.4448853569081]
['BTN', 70668700000, 'YR2012', 74.2422122045535]
['BTN', 53119200000, 'YR2011', 64.0467185407083]
['BTN', 39788500000, 'YR2010', 56.2118312539319]
['BOL', None, 'YR2023', None]
['BOL', None, 'YR2022', None]
['BOL', None, 'YR2021', None]
['BOL', None, 'YR2020', None]
['BOL', None, 'YR2019', None]
['BOL', None, 'YR2018', None]
['BOL', None, 'YR2017', None]
['BOL', None, 'YR2016', None]
['BOL', None, 'YR2015', None]
['BOL', None, 'YR2014', None]
['BOL', None, 'YR2013', None]
['BOL', None, 'YR2012', None]
['BOL', None, 'YR2011', None]
['BOL', None, 'YR2010', None]
['BIH', None, 'YR2023', None]
['BIH', 19042528747.9897, 'YR2022', 41.8471396190753]
['BIH', 18388452196.1404, 'YR2021', 47.0207896847199]
['BIH', 15773798026.8232, 'YR2020', 45.4216368447367]
['BIH', 15753781942.5805, 'YR2019', 44.0235719186881]
['BIH', 15237560540.5192, 'YR2018', 44.8932408077693]
['BIH', 15065448851.8954, 'YR2017', 47.371562985449]
['BIH', 15809924209.5686, 'YR2016', 52.2381277367734]
['BIH', None, 'YR2015', None]
['BIH', 14637145212.6156, 'YR2014', 53.5008608706996]
['BIH', 13284873285.1, 'YR2013', 49.6097513913455]
['BIH', 12872797345, 'YR2012', 49.0902635279898]
['BIH', 12023018745.3002, 'YR2011', 45.8346942869169]
['BIH', None, 'YR2010', None]
['BWA', None, 'YR2023', None]
['BWA', None, 'YR2022', None]
['BWA', None, 'YR2021', None]
['BWA', 33619750000, 'YR2020', 19.6160814562101]
['BWA', 29133100000, 'YR2019', 16.193904309718]
['BWA', 26459620000, 'YR2018', 15.2307151442609]
['BWA', 24465026688.4872, 'YR2017', 14.6807691758665]
['BWA', 25986219844.0603, 'YR2016', 15.8049523139869]
['BWA', 26159246269.7519, 'YR2015', 19.086977673602]
['BWA', 25447260000, 'YR2014', 18.3257336074772]
['BWA', 22794370000, 'YR2013', 19.0163812887175]
['BWA', 21914260000, 'YR2012', 20.6231807851092]
['BWA', 21776160000, 'YR2011', 21.0743622822987]
['BWA', 18790020000, 'YR2010', 21.8862970525722]
['BRA', None, 'YR2023', None]
['BRA', 7973258292035.28, 'YR2022', 80.4135489771561]
['BRA', 7661357427093.5, 'YR2021', 86.094982204685]
['BRA', 7511424215924.93, 'YR2020', 98.7098819546545]
['BRA', 6839767818563.55, 'YR2019', 92.5652531882782]
['BRA', 6066138320875.43, 'YR2018', 86.6078841199146]
['BRA', 5510017770044.87, 'YR2017', 83.6692026509366]
['BRA', 4602865624505.07, 'YR2016', 73.4188038096758]
['BRA', 4049407884511.51, 'YR2015', 67.5375540277116]
['BRA', 3378218222290.28, 'YR2014', 58.4572711058609]
['BRA', 3051200747915.62, 'YR2013', 57.228409380258]
['BRA', 2881609304522.97, 'YR2012', 59.8494899958247]
['BRA', 2597017652406.62, 'YR2011', 59.3416583014604]
['BRA', 2382753990986.1, 'YR2010', 61.3187804611479]
['BRN', None, 'YR2023', None]
['BRN', None, 'YR2022', None]
['BRN', None, 'YR2021', None]
['BRN', None, 'YR2020', None]
['BRN', None, 'YR2019', None]
['BRN', None, 'YR2018', None]
['BRN', None, 'YR2017', None]
['BRN', None, 'YR2016', None]
['BRN', None, 'YR2015', None]
['BRN', None, 'YR2014', None]
['BRN', None, 'YR2013', None]
['BRN', None, 'YR2012', None]
['BRN', None, 'YR2011', None]
['BRN', None, 'YR2010', None]
['BGR', None, 'YR2023', None]
['BGR', None, 'YR2022', None]
['BGR', 45609860000, 'YR2021', 32.8177085388119]
['BGR', 38870430000, 'YR2020', 32.2596461976759]
['BGR', 32414890000, 'YR2019', 26.9356388445987]
['BGR', 31544290000, 'YR2018', 28.6986532281831]
['BGR', 33099910000, 'YR2017', 32.2350541351225]
['BGR', 33890690000, 'YR2016', 35.5436700576707]
['BGR', 27633740000, 'YR2015', 30.8510800536234]
['BGR', 27349400000, 'YR2014', 32.5016654052337]
['BGR', 18140120000, 'YR2013', 22.0539393235951]
['BGR', 18013010000, 'YR2012', 21.7962168477584]
['BGR', 15804800000, 'YR2011', 19.4817178682192]
['BGR', 15418710000, 'YR2010', 20.5891365271305]
['BFA', None, 'YR2023', None]
['BFA', None, 'YR2022', None]
['BFA', 6071177913283.9, 'YR2021', 55.7374234778884]
['BFA', 7486954017185.56, 'YR2020', 73.3851925590032]
['BFA', 4420945232133.8, 'YR2019', 47.0623633767648]
['BFA', 4022385891408.72, 'YR2018', 45.5738610534927]
['BFA', None, 'YR2017', None]
['BFA', None, 'YR2016', None]
['BFA', None, 'YR2015', None]
['BFA', None, 'YR2014', None]
['BFA', None, 'YR2013', None]
['BFA', None, 'YR2012', None]
['BFA', None, 'YR2011', None]
['BFA', None, 'YR2010', None]
['BDI', None, 'YR2023', None]
['BDI', None, 'YR2022', None]
['BDI', None, 'YR2021', None]
['BDI', None, 'YR2020', None]
['BDI', None, 'YR2019', None]
['BDI', None, 'YR2018', None]
['BDI', None, 'YR2017', None]
['BDI', None, 'YR2016', None]
['BDI', None, 'YR2015', None]
['BDI', None, 'YR2014', None]
['BDI', None, 'YR2013', None]
['BDI', None, 'YR2012', None]
['BDI', None, 'YR2011', None]
['BDI', None, 'YR2010', None]
['KHM', None, 'YR2023', None]
['KHM', None, 'YR2022', None]
['KHM', None, 'YR2021', None]
['KHM', None, 'YR2020', None]
['KHM', None, 'YR2019', None]
['KHM', None, 'YR2018', None]
['KHM', None, 'YR2017', None]
['KHM', None, 'YR2016', None]
['KHM', None, 'YR2015', None]
['KHM', None, 'YR2014', None]
['KHM', None, 'YR2013', None]
['KHM', None, 'YR2012', None]
['KHM', None, 'YR2011', None]
['KHM', None, 'YR2010', None]
['CMR', None, 'YR2023', None]
['CMR', None, 'YR2022', None]
['CMR', None, 'YR2021', None]
['CMR', None, 'YR2020', None]
['CMR', None, 'YR2019', None]
['CMR', None, 'YR2018', None]
['CMR', None, 'YR2017', None]
['CMR', None, 'YR2016', None]
['CMR', None, 'YR2015', None]
['CMR', None, 'YR2014', None]
['CMR', None, 'YR2013', None]
['CMR', None, 'YR2012', None]
['CMR', None, 'YR2011', None]
['CMR', None, 'YR2010', None]
['CAN', None, 'YR2023', None]
['CAN', 1727862000000, 'YR2022', 61.4178635753383]
['CAN', 1789019000000, 'YR2021', 71.0739602315819]
['CAN', 1655492000000, 'YR2020', 74.5540471041546]
['CAN', 1234571000000, 'YR2019', 53.3623246913959]
['CAN', 1188294000000, 'YR2018', 53.1515356456582]
['CAN', 1165848000000, 'YR2017', 54.4625651849142]
['CAN', 1134777000000, 'YR2016', 56.0236243991088]
['CAN', 1114480000000, 'YR2015', 55.9915837788793]
['CAN', 1027027000000, 'YR2014', 51.4827081297932]
['CAN', 1012013000000, 'YR2013', 53.200869076551]
['CAN', 1018213000000, 'YR2012', 55.7251649377054]
['CAN', 960112000000, 'YR2011', 54.1193858391726]
['CAN', 885499000000, 'YR2010', 53.1497329605545]
['CPV', None, 'YR2023', None]
['CPV', None, 'YR2022', None]
['CPV', None, 'YR2021', None]
['CPV', None, 'YR2020', None]
['CPV', None, 'YR2019', None]
['CPV', None, 'YR2018', None]
['CPV', None, 'YR2017', None]
['CPV', None, 'YR2016', None]
['CPV', None, 'YR2015', None]
['CPV', None, 'YR2014', None]
['CPV', None, 'YR2013', None]
['CPV', None, 'YR2012', None]
['CPV', None, 'YR2011', None]
['CPV', None, 'YR2010', None]
['CAF', None, 'YR2023', None]
['CAF', None, 'YR2022', None]
['CAF', None, 'YR2021', None]
['CAF', None, 'YR2020', None]
['CAF', None, 'YR2019', None]
['CAF', None, 'YR2018', None]
['CAF', None, 'YR2017', None]
['CAF', None, 'YR2016', None]
['CAF', None, 'YR2015', None]
['CAF', None, 'YR2014', None]
['CAF', None, 'YR2013', None]
['CAF', None, 'YR2012', None]
['CAF', None, 'YR2011', None]
['CAF', None, 'YR2010', None]
['TCD', None, 'YR2023', None]
['TCD', None, 'YR2022', None]
['TCD', None, 'YR2021', None]
['TCD', None, 'YR2020', None]
['TCD', None, 'YR2019', None]
['TCD', None, 'YR2018', None]
['TCD', None, 'YR2017', None]
['TCD', None, 'YR2016', None]
['TCD', None, 'YR2015', None]
['TCD', None, 'YR2014', None]
['TCD', None, 'YR2013', None]
['TCD', None, 'YR2012', None]
['TCD', None, 'YR2011', None]
['TCD', None, 'YR2010', None]
['CHL', None, 'YR2023', None]
['CHL', None, 'YR2022', None]
['CHL', None, 'YR2021', None]
['CHL', None, 'YR2020', None]
['CHL', None, 'YR2019', None]
['CHL', None, 'YR2018', None]
['CHL', None, 'YR2017', None]
['CHL', None, 'YR2016', None]
['CHL', None, 'YR2015', None]
['CHL', None, 'YR2014', None]
['CHL', None, 'YR2013', None]
['CHL', None, 'YR2012', None]
['CHL', None, 'YR2011', None]
['CHL', None, 'YR2010', None]
['CHN', None, 'YR2023', None]
['CHN', None, 'YR2022', None]
['CHN', None, 'YR2021', None]
['CHN', None, 'YR2020', None]
['CHN', None, 'YR2019', None]
['CHN', None, 'YR2018', None]
['CHN', None, 'YR2017', None]
['CHN', None, 'YR2016', None]
['CHN', None, 'YR2015', None]
['CHN', None, 'YR2014', None]
['CHN', None, 'YR2013', None]
['CHN', None, 'YR2012', None]
['CHN', None, 'YR2011', None]
['CHN', None, 'YR2010', None]
['HKG', None, 'YR2023', None]
['HKG', None, 'YR2022', None]
['HKG', None, 'YR2021', None]
['HKG', None, 'YR2020', None]
['HKG', None, 'YR2019', None]
['HKG', None, 'YR2018', None]
['HKG', None, 'YR2017', None]
['HKG', None, 'YR2016', None]
['HKG', None, 'YR2015', None]
['HKG', None, 'YR2014', None]
['HKG', None, 'YR2013', None]
['HKG', None, 'YR2012', None]
['HKG', None, 'YR2011', None]
['HKG', None, 'YR2010', None]
['MAC', None, 'YR2023', None]
['MAC', None, 'YR2022', None]
['MAC', None, 'YR2021', None]
['MAC', None, 'YR2020', None]
['MAC', None, 'YR2019', None]
['MAC', None, 'YR2018', None]
['MAC', None, 'YR2017', None]
['MAC', None, 'YR2016', None]
['MAC', None, 'YR2015', None]
['MAC', None, 'YR2014', None]
['MAC', None, 'YR2013', None]
['MAC', None, 'YR2012', None]
['MAC', None, 'YR2011', None]
['MAC', None, 'YR2010', None]
['COL', None, 'YR2023', None]
['COL', 1030914111984340, 'YR2022', 70.4887722827593]
['COL', 958480011850767, 'YR2021', 80.3698862682244]
['COL', 910172284929547, 'YR2020', 91.2232105022687]
['COL', 770710551554504, 'YR2019', 72.7038785770822]
['COL', 707757884359465, 'YR2018', 71.6505702481056]
['COL', 614204965531735, 'YR2017', 66.7272478472146]
['COL', 577932012673267, 'YR2016', 66.9071609125064]
['COL', 428728531114000, 'YR2015', 53.2785874737167]
['COL', 366011636523000, 'YR2014', 47.9761695160459]
['COL', 479177197000000, 'YR2013', 67.1029119456429]
['COL', 434747159000000, 'YR2012', 65.227695883164]
['COL', 389118680000000, 'YR2011', 62.8601328222053]
['COL', 394185996000000, 'YR2010', 72.4526699261111]
['COM', None, 'YR2023', None]
['COM', None, 'YR2022', None]
['COM', None, 'YR2021', None]
['COM', None, 'YR2020', None]
['COM', None, 'YR2019', None]
['COM', None, 'YR2018', None]
['COM', None, 'YR2017', None]
['COM', None, 'YR2016', None]
['COM', None, 'YR2015', None]
['COM', None, 'YR2014', None]
['COM', None, 'YR2013', None]
['COM', None, 'YR2012', None]
['COM', None, 'YR2011', None]
['COM', None, 'YR2010', None]
['COG', None, 'YR2023', None]
['COG', None, 'YR2022', None]
['COG', None, 'YR2021', None]
['COG', None, 'YR2020', None]
['COG', None, 'YR2019', None]
['COG', None, 'YR2018', None]
['COG', None, 'YR2017', None]
['COG', None, 'YR2016', None]
['COG', None, 'YR2015', None]
['COG', None, 'YR2014', None]
['COG', None, 'YR2013', None]
['COG', None, 'YR2012', None]
['COG', None, 'YR2011', None]
['COG', 1657840000000, 'YR2010', 25.4826844740907]
['CRI', None, 'YR2023', None]
['CRI', None, 'YR2022', None]
['CRI', None, 'YR2021', None]
['CRI', None, 'YR2020', None]
['CRI', None, 'YR2019', None]
['CRI', None, 'YR2018', None]
['CRI', None, 'YR2017', None]
['CRI', None, 'YR2016', None]
['CRI', None, 'YR2015', None]
['CRI', None, 'YR2014', None]
['CRI', None, 'YR2013', None]
['CRI', None, 'YR2012', None]
['CRI', None, 'YR2011', None]
['CRI', None, 'YR2010', None]
['CIV', None, 'YR2023', None]
['CIV', None, 'YR2022', None]
['CIV', None, 'YR2021', None]
['CIV', None, 'YR2020', None]
['CIV', None, 'YR2019', None]
['CIV', None, 'YR2018', None]
['CIV', None, 'YR2017', None]
['CIV', None, 'YR2016', None]
['CIV', None, 'YR2015', None]
['CIV', None, 'YR2014', None]
['CIV', None, 'YR2013', None]
['CIV', None, 'YR2012', None]
['CIV', None, 'YR2011', None]
['CIV', None, 'YR2010', None]
['HRV', None, 'YR2023', None]
['HRV', None, 'YR2022', None]
['HRV', 53150205000, 'YR2021', 90.9985011822133]
['HRV', 49951881000, 'YR2020', 98.7791200474802]
['HRV', 44848837000, 'YR2019', 81.6770589580836]
['HRV', 43641441000, 'YR2018', 83.8280070297955]
['HRV', 43159734000, 'YR2017', 86.9698219934058]
['HRV', 44356039000, 'YR2016', 93.4965610188049]
['HRV', 43947954000, 'YR2015', 95.8776225651523]
['HRV', 41783857000, 'YR2014', 93.5417517391601]
['HRV', 39266295000, 'YR2013', 87.6606825834708]
['HRV', 34190148000, 'YR2012', 76.5887211730829]
['HRV', 32499012000, 'YR2011', 72.106899049194]
['HRV', 29071660000, 'YR2010', 65.5238997617549]
['CUB', None, 'YR2023', None]
['CUB', None, 'YR2022', None]
['CUB', None, 'YR2021', None]
['CUB', None, 'YR2020', None]
['CUB', None, 'YR2019', None]
['CUB', None, 'YR2018', None]
['CUB', None, 'YR2017', None]
['CUB', None, 'YR2016', None]
['CUB', None, 'YR2015', None]
['CUB', None, 'YR2014', None]
['CUB', None, 'YR2013', None]
['CUB', None, 'YR2012', None]
['CUB', None, 'YR2011', None]
['CUB', None, 'YR2010', None]
['CYP', None, 'YR2023', None]
['CYP', None, 'YR2022', None]
['CYP', None, 'YR2021', None]
['CYP', None, 'YR2020', None]
['CYP', None, 'YR2019', None]
['CYP', None, 'YR2018', None]
['CYP', None, 'YR2017', None]
['CYP', None, 'YR2016', None]
['CYP', None, 'YR2015', None]
['CYP', None, 'YR2014', None]
['CYP', None, 'YR2013', None]
['CYP', None, 'YR2012', None]
['CYP', None, 'YR2011', None]
['CYP', None, 'YR2010', None]
['CZE', None, 'YR2023', None]
['CZE', None, 'YR2022', None]
['CZE', None, 'YR2021', None]
['CZE', None, 'YR2020', None]
['CZE', None, 'YR2019', None]
['CZE', None, 'YR2018', None]
['CZE', None, 'YR2017', None]
['CZE', None, 'YR2016', None]
['CZE', None, 'YR2015', None]
['CZE', None, 'YR2014', None]
['CZE', None, 'YR2013', None]
['CZE', None, 'YR2012', None]
['CZE', None, 'YR2011', None]
['CZE', None, 'YR2010', None]
['DNK', None, 'YR2023', None]
['DNK', None, 'YR2022', None]
['DNK', None, 'YR2021', None]
['DNK', None, 'YR2020', None]
['DNK', None, 'YR2019', None]
['DNK', None, 'YR2018', None]
['DNK', None, 'YR2017', None]
['DNK', None, 'YR2016', None]
['DNK', None, 'YR2015', None]
['DNK', None, 'YR2014', None]
['DNK', None, 'YR2013', None]
['DNK', None, 'YR2012', None]
['DNK', None, 'YR2011', None]
['DNK', None, 'YR2010', None]
['DJI', None, 'YR2023', None]
['DJI', None, 'YR2022', None]
['DJI', None, 'YR2021', None]
['DJI', None, 'YR2020', None]
['DJI', None, 'YR2019', None]
['DJI', None, 'YR2018', None]
['DJI', None, 'YR2017', None]
['DJI', None, 'YR2016', None]
['DJI', None, 'YR2015', None]
['DJI', None, 'YR2014', None]
['DJI', None, 'YR2013', None]
['DJI', None, 'YR2012', None]
['DJI', None, 'YR2011', None]
['DJI', None, 'YR2010', None]
['DMA', None, 'YR2023', None]
['DMA', None, 'YR2022', None]
['DMA', None, 'YR2021', None]
['DMA', None, 'YR2020', None]
['DMA', None, 'YR2019', None]
['DMA', None, 'YR2018', None]
['DMA', None, 'YR2017', None]
['DMA', None, 'YR2016', None]
['DMA', None, 'YR2015', None]
['DMA', None, 'YR2014', None]
['DMA', None, 'YR2013', None]
['DMA', None, 'YR2012', None]
['DMA', None, 'YR2011', None]
['DMA', None, 'YR2010', None]
['DOM', None, 'YR2023', None]
['DOM', None, 'YR2022', None]
['DOM', None, 'YR2021', None]
['DOM', None, 'YR2020', None]
['DOM', None, 'YR2019', None]
['DOM', None, 'YR2018', None]
['DOM', None, 'YR2017', None]
['DOM', None, 'YR2016', None]
['DOM', None, 'YR2015', None]
['DOM', None, 'YR2014', None]
['DOM', None, 'YR2013', None]
['DOM', None, 'YR2012', None]
['DOM', None, 'YR2011', None]
['DOM', None, 'YR2010', None]
['ECU', None, 'YR2023', None]
['ECU', None, 'YR2022', None]
['ECU', None, 'YR2021', None]
['ECU', None, 'YR2020', None]
['ECU', None, 'YR2019', None]
['ECU', None, 'YR2018', None]
['ECU', None, 'YR2017', None]
['ECU', None, 'YR2016', None]
['ECU', None, 'YR2015', None]
['ECU', None, 'YR2014', None]
['ECU', None, 'YR2013', None]
['ECU', None, 'YR2012', None]
['ECU', None, 'YR2011', None]
['ECU', None, 'YR2010', None]
['EGY', None, 'YR2023', None]
['EGY', None, 'YR2022', None]
['EGY', None, 'YR2021', None]
['EGY', None, 'YR2020', None]
['EGY', None, 'YR2019', None]
['EGY', None, 'YR2018', None]
['EGY', None, 'YR2017', None]
['EGY', None, 'YR2016', None]
['EGY', None, 'YR2015', None]
['EGY', None, 'YR2014', None]
['EGY', None, 'YR2013', None]
['EGY', None, 'YR2012', None]
['EGY', None, 'YR2011', None]
['EGY', None, 'YR2010', None]
['SLV', None, 'YR2023', None]
['SLV', None, 'YR2022', None]
['SLV', 19304700000, 'YR2021', 65.5480040908295]
['SLV', 17540600000, 'YR2020', 70.3591805561795]
['SLV', 14483300000, 'YR2019', 53.8790393562178]
['SLV', 13586600000, 'YR2018', 52.2142820084663]
['SLV', 13800632488.31, 'YR2017', 55.248518820306]
['SLV', 12595426766.26, 'YR2016', 52.0656561693955]
['SLV', 12018755226.09, 'YR2015', 51.2784032678648]
['SLV', 11486057983.75, 'YR2014', 50.8379544344007]
['SLV', 13722200000, 'YR2013', 62.3992767937371]
['SLV', 11730803671.18, 'YR2012', 54.8523398142256]
['SLV', 11067351860.26, 'YR2011', 54.5625709816415]
['SLV', 10606500000, 'YR2010', 57.4942866187624]
['GNQ', None, 'YR2023', None]
['GNQ', None, 'YR2022', None]
['GNQ', None, 'YR2021', None]
['GNQ', None, 'YR2020', None]
['GNQ', None, 'YR2019', None]
['GNQ', None, 'YR2018', None]
['GNQ', None, 'YR2017', None]
['GNQ', None, 'YR2016', None]
['GNQ', None, 'YR2015', None]
['GNQ', None, 'YR2014', None]
['GNQ', None, 'YR2013', None]
['GNQ', None, 'YR2012', None]
['GNQ', None, 'YR2011', None]
['GNQ', None, 'YR2010', None]
['ERI', None, 'YR2023', None]
['ERI', None, 'YR2022', None]
['ERI', None, 'YR2021', None]
['ERI', None, 'YR2020', None]
['ERI', None, 'YR2019', None]
['ERI', None, 'YR2018', None]
['ERI', None, 'YR2017', None]
['ERI', None, 'YR2016', None]
['ERI', None, 'YR2015', None]
['ERI', None, 'YR2014', None]
['ERI', None, 'YR2013', None]
['ERI', None, 'YR2012', None]
['ERI', None, 'YR2011', None]
['ERI', None, 'YR2010', None]
['EST', None, 'YR2023', None]
['EST', None, 'YR2022', None]
['EST', 7442200000, 'YR2021', 23.6674211819254]
['EST', 6524500000, 'YR2020', 23.7557046278057]
['EST', 3901800000, 'YR2019', 14.0530835439573]
['EST', 3490100000, 'YR2018', 13.4585697706201]
['EST', 3199800000, 'YR2017', 13.425576163145]
['EST', 3060100000, 'YR2016', 14.070777375849]
['EST', 2707400000, 'YR2015', 13.1227400304449]
['EST', 2797700000, 'YR2014', 13.9548506685828]
['EST', 2609400000, 'YR2013', 13.798476044145]
['EST', 2428100000, 'YR2012', 13.5521744483716]
['EST', 999200000, 'YR2011', 5.99139330834761]
['EST', 1164200000, 'YR2010', 7.89764510837486]
['ETH', None, 'YR2023', None]
['ETH', None, 'YR2022', None]
['ETH', None, 'YR2021', None]
['ETH', None, 'YR2020', None]
['ETH', 846210210185.12, 'YR2019', 31.4488486740364]
['ETH', 715770172246.28, 'YR2018', 32.5332185023587]
['ETH', 551579021406.76, 'YR2017', 30.0951131996185]
['ETH', 454837355801.34, 'YR2016', 29.0056900690034]
['ETH', 362690988123.32, 'YR2015', 27.9431250379303]
['ETH', 285754535948.33, 'YR2014', 26.9372797365191]
['ETH', 93049100000, 'YR2013', 10.733283781495]
['ETH', None, 'YR2012', None]
['ETH', None, 'YR2011', None]
['ETH', None, 'YR2010', None]
['FRO', None, 'YR2023', None]
['FRO', None, 'YR2022', None]
['FRO', None, 'YR2021', None]
['FRO', None, 'YR2020', None]
['FRO', None, 'YR2019', None]
['FRO', None, 'YR2018', None]
['FRO', None, 'YR2017', None]
['FRO', None, 'YR2016', None]
['FRO', None, 'YR2015', None]
['FRO', None, 'YR2014', None]
['FRO', None, 'YR2013', None]
['FRO', None, 'YR2012', None]
['FRO', None, 'YR2011', None]
['FRO', None, 'YR2010', None]
['FJI', None, 'YR2023', None]
['FJI', None, 'YR2022', None]
['FJI', None, 'YR2021', None]
['FJI', None, 'YR2020', None]
['FJI', None, 'YR2019', None]
['FJI', None, 'YR2018', None]
['FJI', None, 'YR2017', None]
['FJI', None, 'YR2016', None]
['FJI', None, 'YR2015', None]
['FJI', None, 'YR2014', None]
['FJI', None, 'YR2013', None]
['FJI', None, 'YR2012', None]
['FJI', None, 'YR2011', None]
['FJI', None, 'YR2010', None]
['FIN', None, 'YR2023', None]
['FIN', None, 'YR2022', None]
['FIN', None, 'YR2021', None]
['FIN', None, 'YR2020', None]
['FIN', None, 'YR2019', None]
['FIN', None, 'YR2018', None]
['FIN', None, 'YR2017', None]
['FIN', None, 'YR2016', None]
['FIN', None, 'YR2015', None]
['FIN', None, 'YR2014', None]
['FIN', None, 'YR2013', None]
['FIN', None, 'YR2012', None]
['FIN', None, 'YR2011', None]
['FIN', None, 'YR2010', None]
['FRA', None, 'YR2023', None]
['FRA', None, 'YR2022', None]
['FRA', 2914689000000, 'YR2021', 116.488870628803]
['FRA', 2848395000000, 'YR2020', 122.890485591708]
['FRA', 2558570000000, 'YR2019', 104.961161125435]
['FRA', 2401642000000, 'YR2018', 101.622134416787]
['FRA', 2348132000000, 'YR2017', 102.21526508744]
['FRA', 2284666000000, 'YR2016', 102.262044850588]
['FRA', 2154031000000, 'YR2015', 97.9803332557022]
['FRA', 2097190000000, 'YR2014', 97.5543838512582]
['FRA', 1925976000000, 'YR2013', 90.9685436680429]
['FRA', 1885767000000, 'YR2012', 90.2797486025496]
['FRA', 1693878000000, 'YR2011', 82.2922420615546]
['FRA', 1602243000000, 'YR2010', 80.3012997114704]
['PYF', None, 'YR2023', None]
['PYF', None, 'YR2022', None]
['PYF', None, 'YR2021', None]
['PYF', None, 'YR2020', None]
['PYF', None, 'YR2019', None]
['PYF', None, 'YR2018', None]
['PYF', None, 'YR2017', None]
['PYF', None, 'YR2016', None]
['PYF', None, 'YR2015', None]
['PYF', None, 'YR2014', None]
['PYF', None, 'YR2013', None]
['PYF', None, 'YR2012', None]
['PYF', None, 'YR2011', None]
['PYF', None, 'YR2010', None]
['GAB', None, 'YR2023', None]
['GAB', None, 'YR2022', None]
['GAB', None, 'YR2021', None]
['GAB', None, 'YR2020', None]
['GAB', None, 'YR2019', None]
['GAB', None, 'YR2018', None]
['GAB', None, 'YR2017', None]
['GAB', None, 'YR2016', None]
['GAB', None, 'YR2015', None]
['GAB', None, 'YR2014', None]
['GAB', None, 'YR2013', None]
['GAB', None, 'YR2012', None]
['GAB', None, 'YR2011', None]
['GAB', None, 'YR2010', None]
['GMB', None, 'YR2023', None]
['GMB', None, 'YR2022', None]
['GMB', None, 'YR2021', None]
['GMB', None, 'YR2020', None]
['GMB', None, 'YR2019', None]
['GMB', None, 'YR2018', None]
['GMB', None, 'YR2017', None]
['GMB', None, 'YR2016', None]
['GMB', None, 'YR2015', None]
['GMB', None, 'YR2014', None]
['GMB', None, 'YR2013', None]
['GMB', None, 'YR2012', None]
['GMB', None, 'YR2011', None]
['GMB', None, 'YR2010', None]
['GEO', None, 'YR2023', None]
['GEO', 31307500000, 'YR2022', 43.3227401305799]
['GEO', 33232500000, 'YR2021', 55.3844319793905]
['GEO', 32459100000, 'YR2020', 65.8844131022424]
['GEO', 22239300000, 'YR2019', 45.1535059311799]
['GEO', 17343700000, 'YR2018', 38.8877428844334]
['GEO', 16057000000, 'YR2017', 39.3924674203172]
['GEO', 14430700000, 'YR2016', 40.2687241879674]
['GEO', 12437400000, 'YR2015', 36.6506556652424]
['GEO', 9641000000, 'YR2014', 30.9760956175299]
['GEO', 8434800000, 'YR2013', 29.4994246863754]
['GEO', 7840400000, 'YR2012', 28.7960980339586]
['GEO', 7228700000, 'YR2011', 28.3715417191615]
['GEO', 6959400000, 'YR2010', 31.8922535469443]
['DEU', None, 'YR2023', None]
['DEU', None, 'YR2022', None]
['DEU', None, 'YR2021', None]
['DEU', None, 'YR2020', None]
['DEU', None, 'YR2019', None]
['DEU', None, 'YR2018', None]
['DEU', None, 'YR2017', None]
['DEU', None, 'YR2016', None]
['DEU', None, 'YR2015', None]
['DEU', None, 'YR2014', None]
['DEU', None, 'YR2013', None]
['DEU', None, 'YR2012', None]
['DEU', None, 'YR2011', None]
['DEU', None, 'YR2010', None]
['GHA', None, 'YR2023', None]
['GHA', None, 'YR2022', None]
['GHA', None, 'YR2021', None]
['GHA', None, 'YR2020', None]
['GHA', None, 'YR2019', None]
['GHA', None, 'YR2018', None]
['GHA', None, 'YR2017', None]
['GHA', None, 'YR2016', None]
['GHA', None, 'YR2015', None]
['GHA', None, 'YR2014', None]
['GHA', None, 'YR2013', None]
['GHA', None, 'YR2012', None]
['GHA', None, 'YR2011', None]
['GHA', None, 'YR2010', None]
['GIB', None, 'YR2023', None]
['GIB', None, 'YR2022', None]
['GIB', None, 'YR2021', None]
['GIB', None, 'YR2020', None]
['GIB', None, 'YR2019', None]
['GIB', None, 'YR2018', None]
['GIB', None, 'YR2017', None]
['GIB', None, 'YR2016', None]
['GIB', None, 'YR2015', None]
['GIB', None, 'YR2014', None]
['GIB', None, 'YR2013', None]
['GIB', None, 'YR2012', None]
['GIB', None, 'YR2011', None]
['GIB', None, 'YR2010', None]
['GRC', None, 'YR2023', None]
['GRC', None, 'YR2022', None]
['GRC', 430796360000, 'YR2021', 237.352878608134]
['GRC', 417687730000, 'YR2020', 253.119931146447]
['GRC', 389360820000, 'YR2019', 212.362314259588]
['GRC', 374929950000, 'YR2018', 208.807531013043]
['GRC', 351976340000, 'YR2017', 198.965311960791]
['GRC', 339600910000, 'YR2016', 194.620197524529]
['GRC', 333618320000, 'YR2015', 189.159420957428]
['GRC', 335497850000, 'YR2014', 189.294440988662]
['GRC', 334124130000, 'YR2013', 185.743826117643]
['GRC', 316530710000, 'YR2012', 168.027201054784]
['GRC', 236267720000, 'YR2011', 116.211593571687]
['GRC', 306158410000, 'YR2010', 136.602224223793]
['GRL', None, 'YR2023', None]
['GRL', None, 'YR2022', None]
['GRL', None, 'YR2021', None]
['GRL', None, 'YR2020', None]
['GRL', None, 'YR2019', None]
['GRL', None, 'YR2018', None]
['GRL', None, 'YR2017', None]
['GRL', None, 'YR2016', None]
['GRL', None, 'YR2015', None]
['GRL', None, 'YR2014', None]
['GRL', None, 'YR2013', None]
['GRL', None, 'YR2012', None]
['GRL', None, 'YR2011', None]
['GRL', None, 'YR2010', None]
['GRD', None, 'YR2023', None]
['GRD', None, 'YR2022', None]
['GRD', None, 'YR2021', None]
['GRD', None, 'YR2020', None]
['GRD', None, 'YR2019', None]
['GRD', None, 'YR2018', None]
['GRD', None, 'YR2017', None]
['GRD', None, 'YR2016', None]
['GRD', None, 'YR2015', None]
['GRD', None, 'YR2014', None]
['GRD', None, 'YR2013', None]
['GRD', None, 'YR2012', None]
['GRD', None, 'YR2011', None]
['GRD', None, 'YR2010', None]
['GUM', None, 'YR2023', None]
['GUM', None, 'YR2022', None]
['GUM', None, 'YR2021', None]
['GUM', None, 'YR2020', None]
['GUM', None, 'YR2019', None]
['GUM', None, 'YR2018', None]
['GUM', None, 'YR2017', None]
['GUM', None, 'YR2016', None]
['GUM', None, 'YR2015', None]
['GUM', None, 'YR2014', None]
['GUM', None, 'YR2013', None]
['GUM', None, 'YR2012', None]
['GUM', None, 'YR2011', None]
['GUM', None, 'YR2010', None]
['GTM', None, 'YR2023', None]
['GTM', None, 'YR2022', None]
['GTM', None, 'YR2021', None]
['GTM', None, 'YR2020', None]
['GTM', None, 'YR2019', None]
['GTM', None, 'YR2018', None]
['GTM', None, 'YR2017', None]
['GTM', None, 'YR2016', None]
['GTM', None, 'YR2015', None]
['GTM', None, 'YR2014', None]
['GTM', 104970000000, 'YR2013', 25.2099495623048]
['GTM', 95962200000, 'YR2012', 24.7007424112068]
['GTM', 89646000000, 'YR2011', 24.5639597782709]
['GTM', 81340700000, 'YR2010', 24.8169594138567]
['GNB', None, 'YR2023', None]
['GNB', None, 'YR2022', None]
['GNB', None, 'YR2021', None]
['GNB', None, 'YR2020', None]
['GNB', None, 'YR2019', None]
['GNB', None, 'YR2018', None]
['GNB', None, 'YR2017', None]
['GNB', None, 'YR2016', None]
['GNB', None, 'YR2015', None]
['GNB', None, 'YR2014', None]
['GNB', None, 'YR2013', None]
['GNB', None, 'YR2012', None]
['GNB', None, 'YR2011', None]
['GNB', None, 'YR2010', None]
['GIN', None, 'YR2023', None]
['GIN', None, 'YR2022', None]
['GIN', None, 'YR2021', None]
['GIN', None, 'YR2020', None]
['GIN', None, 'YR2019', None]
['GIN', None, 'YR2018', None]
['GIN', None, 'YR2017', None]
['GIN', None, 'YR2016', None]
['GIN', None, 'YR2015', None]
['GIN', None, 'YR2014', None]
['GIN', None, 'YR2013', None]
['GIN', None, 'YR2012', None]
['GIN', None, 'YR2011', None]
['GIN', None, 'YR2010', None]
['GUY', None, 'YR2023', None]
['GUY', None, 'YR2022', None]
['GUY', None, 'YR2021', None]
['GUY', None, 'YR2020', None]
['GUY', None, 'YR2019', None]
['GUY', None, 'YR2018', None]
['GUY', None, 'YR2017', None]
['GUY', None, 'YR2016', None]
['GUY', None, 'YR2015', None]
['GUY', None, 'YR2014', None]
['GUY', None, 'YR2013', None]
['GUY', None, 'YR2012', None]
['GUY', None, 'YR2011', None]
['GUY', None, 'YR2010', None]
['HTI', None, 'YR2023', None]
['HTI', None, 'YR2022', None]
['HTI', None, 'YR2021', None]
['HTI', None, 'YR2020', None]
['HTI', None, 'YR2019', None]
['HTI', None, 'YR2018', None]
['HTI', None, 'YR2017', None]
['HTI', None, 'YR2016', None]
['HTI', None, 'YR2015', None]
['HTI', None, 'YR2014', None]
['HTI', None, 'YR2013', None]
['HTI', None, 'YR2012', None]
['HTI', None, 'YR2011', None]
['HTI', None, 'YR2010', None]
['HND', None, 'YR2023', None]
['HND', None, 'YR2022', None]
['HND', None, 'YR2021', None]
['HND', None, 'YR2020', None]
['HND', None, 'YR2019', None]
['HND', None, 'YR2018', None]
['HND', None, 'YR2017', None]
['HND', None, 'YR2016', None]
['HND', None, 'YR2015', None]
['HND', None, 'YR2014', None]
['HND', None, 'YR2013', None]
['HND', None, 'YR2012', None]
['HND', None, 'YR2011', None]
['HND', None, 'YR2010', None]
['HUN', None, 'YR2023', None]
['HUN', None, 'YR2022', None]
['HUN', 48024386000000, 'YR2021', 87.0023904631335]
['HUN', 46490673000000, 'YR2020', 96.0046852251424]
['HUN', 39744615000000, 'YR2019', 83.3671584163564]
['HUN', 37551156000000, 'YR2018', 86.5499043370654]
['HUN', 36127759000000, 'YR2017', 91.9872247713716]
['HUN', 35039951000000, 'YR2016', 96.77762376685]
['HUN', 33705540000000, 'YR2015', 96.3973535639551]
['HUN', 32368841000000, 'YR2014', 98.6713309160176]
['HUN', 28753326000000, 'YR2013', 94.7331902055697]
['HUN', 27299607000000, 'YR2012', 94.1475132059307]
['HUN', 25844922000000, 'YR2011', 90.562544900341]
['HUN', 22340355000000, 'YR2010', 81.2817151464614]
['ISL', None, 'YR2023', None]
['ISL', 3358471293176, 'YR2022', 88.4607443418312]
['ISL', 3142495600032, 'YR2021', 96.6802949708269]
['ISL', 2938429123513, 'YR2020', 100.614829423661]
['ISL', 2726945409043, 'YR2019', 90.1141894663873]
['ISL', 2331049748000, 'YR2018', 81.9621967417907]
['ISL', 2389506628000, 'YR2017', 90.4444869015692]
['ISL', 2596520731849, 'YR2016', 103.362423152956]
['ISL', 2712261449186, 'YR2015', 117.370839587281]
['ISL', 2833203782284, 'YR2014', 135.796521914069]
['ISL', 2777010636145, 'YR2013', 140.954580207259]
['ISL', 2818290074425, 'YR2012', 152.739624546059]
['ISL', 2769579561711, 'YR2011', 156.915918249342]
['ISL', 2532104586813, 'YR2010', 150.633812484101]
['IND', None, 'YR2023', None]
['IND', None, 'YR2022', None]
['IND', None, 'YR2021', None]
['IND', None, 'YR2020', None]
['IND', None, 'YR2019', None]
['IND', 87925980000000, 'YR2018', 46.522498664923]
['IND', 81320590000000, 'YR2017', 47.5836093803817]
['IND', 73316300000000, 'YR2016', 47.6337555911249]
['IND', 68810780000000, 'YR2015', 49.9647183851472]
['IND', 62216270000000, 'YR2014', 49.9009248730309]
['IND', 56517900000000, 'YR2013', 50.3118273610884]
['IND', 50394300000000, 'YR2012', 50.6780305514477]
['IND', 45041500000000, 'YR2011', 51.5565536599207]
['IND', 39387700000000, 'YR2010', 51.5919103002545]
['IDN', None, 'YR2023', None]
['IDN', None, 'YR2022', None]
['IDN', 7538325636414020, 'YR2021', 44.4039755758173]
['IDN', 6625475985591000, 'YR2020', 42.9017966486126]
['IDN', 5340221586186820, 'YR2019', 33.7291556226381]
['IDN', 4917477561215820, 'YR2018', 33.1394192425283]
['IDN', 4407053697604700, 'YR2017', 32.4290671189749]
['IDN', 3889949813238980, 'YR2016', 31.366190714778]
['IDN', 3493530747415080, 'YR2015', 30.309126137804]
['IDN', 2898383597986100, 'YR2014', 27.4216121994064]
['IDN', 2652100000000000, 'YR2013', 27.7819272178664]
['IDN', 2156890000000000, 'YR2012', 25.0344008432508]
['IDN', 1947370000000000, 'YR2011', 24.8651446692594]
['IDN', 1796080000000000, 'YR2010', 26.1661592780012]
['IRN', None, 'YR2023', None]
['IRN', None, 'YR2022', None]
['IRN', None, 'YR2021', None]
['IRN', None, 'YR2020', None]
['IRN', None, 'YR2019', None]
['IRN', None, 'YR2018', None]
['IRN', None, 'YR2017', None]
['IRN', None, 'YR2016', None]
['IRN', None, 'YR2015', None]
['IRN', None, 'YR2014', None]
['IRN', None, 'YR2013', None]
['IRN', None, 'YR2012', None]
['IRN', None, 'YR2011', None]
['IRN', None, 'YR2010', None]
['IRQ', None, 'YR2023', None]
['IRQ', None, 'YR2022', None]
['IRQ', None, 'YR2021', None]
['IRQ', None, 'YR2020', None]
['IRQ', None, 'YR2019', None]
['IRQ', 73786628554876.2, 'YR2018', 27.438248367378]
['IRQ', 79495987051495.8, 'YR2017', 35.8630061595051]
['IRQ', 58045493579438.3, 'YR2016', 29.4760678291372]
['IRQ', 53326799369478, 'YR2015', 27.3918908850844]
['IRQ', None, 'YR2014', None]
['IRQ', None, 'YR2013', None]
['IRQ', None, 'YR2012', None]
['IRQ', None, 'YR2011', None]
['IRQ', None, 'YR2010', None]
['IRL', None, 'YR2023', None]
['IRL', None, 'YR2022', None]
['IRL', 278785000000, 'YR2021', 64.2258545827221]
['IRL', 267471000000, 'YR2020', 71.2781481409944]
['IRL', 248038000000, 'YR2019', 69.6037207995459]
['IRL', 245575000000, 'YR2018', 74.9981601286137]
['IRL', 228229000000, 'YR2017', 76.4513760066889]
['IRL', 230573000000, 'YR2016', 85.4845256373124]
['IRL', 232884000000, 'YR2015', 88.3787331935287]
['IRL', 236460000000, 'YR2014', 120.97004655592]
['IRL', 236493000000, 'YR2013', 131.908510435139]
['IRL', 227813000000, 'YR2012', 130.016537068464]
['IRL', 191705000000, 'YR2011', 111.570878097119]
['IRL', 138084000000, 'YR2010', 82.4916960784734]
['ISR', None, 'YR2023', None]
['ISR', None, 'YR2022', None]
['ISR', None, 'YR2021', None]
['ISR', None, 'YR2020', None]
['ISR', None, 'YR2019', None]
['ISR', None, 'YR2018', None]
['ISR', None, 'YR2017', None]
['ISR', None, 'YR2016', None]
['ISR', None, 'YR2015', None]
['ISR', None, 'YR2014', None]
['ISR', None, 'YR2013', None]
['ISR', None, 'YR2012', None]
['ISR', None, 'YR2011', None]
['ISR', None, 'YR2010', None]
['ITA', None, 'YR2023', None]
['ITA', None, 'YR2022', None]
['ITA', None, 'YR2021', None]
['ITA', None, 'YR2020', None]
['ITA', None, 'YR2019', None]
['ITA', None, 'YR2018', None]
['ITA', None, 'YR2017', None]
['ITA', None, 'YR2016', None]
['ITA', None, 'YR2015', None]
['ITA', None, 'YR2014', None]
['ITA', None, 'YR2013', None]
['ITA', None, 'YR2012', None]
['ITA', None, 'YR2011', None]
['ITA', None, 'YR2010', None]
['JAM', None, 'YR2023', None]
['JAM', None, 'YR2022', None]
['JAM', None, 'YR2021', None]
['JAM', 2090497753634.23, 'YR2020', 106.282373001667]
['JAM', 1946799489483.2, 'YR2019', 92.2464484531468]
['JAM', None, 'YR2018', None]
['JAM', 1941710900000, 'YR2017', 102.463603382541]
['JAM', 2159937054848.86, 'YR2016', 122.655747801579]
['JAM', 2068759180000, 'YR2015', 124.64830084408]
['JAM', 2041693750000, 'YR2014', 132.413890497651]
['JAM', 1946005010000, 'YR2013', 135.885094993632]
['JAM', 1812635360000, 'YR2012', 137.934669887058]
['JAM', 1662273430000, 'YR2011', 133.978459775192]
['JAM', 1570368250000, 'YR2010', 136.224334891016]
['JPN', None, 'YR2023', None]
['JPN', None, 'YR2022', None]
['JPN', 1195527500000000, 'YR2021', 216.357107877824]
['JPN', 1164754100000000, 'YR2020', 215.771842665599]
['JPN', 1104758700000000, 'YR2019', 198.017084451493]
['JPN', 1098424300000000, 'YR2018', 197.334693183139]
['JPN', 1070125300000000, 'YR2017', 193.487170771309]
['JPN', 1051877300000000, 'YR2016', 193.230290874903]
['JPN', 1046924900000000, 'YR2015', 194.584024044653]
['JPN', 996702600000000, 'YR2014', 192.112850344345]
['JPN', 949053700000000, 'YR2013', 186.564297348971]
['JPN', 919403100000000, 'YR2012', 183.706209324867]
['JPN', 873359300000000, 'YR2011', 175.567641219028]
['JPN', 811367000000000, 'YR2010', 160.498098433606]
['JOR', None, 'YR2023', None]
['JOR', None, 'YR2022', None]
['JOR', None, 'YR2021', None]
['JOR', 23570200000, 'YR2020', 75.9660726859906]
['JOR', 25070700000, 'YR2019', 79.3451909991455]
['JOR', None, 'YR2018', None]
['JOR', 22268900000, 'YR2017', 75.3805020477717]
['JOR', 20979900000, 'YR2016', 74.071860773415]
['JOR', 21605500000, 'YR2015', 78.8614496694168]
['JOR', 20331400000, 'YR2014', 77.7139917549107]
['JOR', 18034800000, 'YR2013', 73.723812248079]
['JOR', 14678100000, 'YR2012', 65.3506139398579]
['JOR', 12665700000, 'YR2011', 60.4217719904335]
['JOR', 11514900000, 'YR2010', 59.7710843617397]
['KAZ', None, 'YR2023', None]
['KAZ', None, 'YR2022', None]
['KAZ', 18815263949000, 'YR2021', 22.4120405815457]
['KAZ', 16754955511000, 'YR2020', 23.7157605024381]
['KAZ', 12851748000000, 'YR2019', 18.4830469477519]
['KAZ', 13595498918000, 'YR2018', 21.9922369362835]
['KAZ', 9206535443000, 'YR2017', 16.9303582595661]
['KAZ', 7876791900000, 'YR2016', 16.7694252748762]
['KAZ', 7893874198000, 'YR2015', 19.307916061599]
['KAZ', 5017790536000, 'YR2014', 12.6469696266918]
['KAZ', 3902524410000, 'YR2013', 10.8406391538642]
['KAZ', 3256009599000, 'YR2012', 10.4981138465889]
['KAZ', 2485758642000, 'YR2011', 8.80131007226425]
['KAZ', 2077483667000, 'YR2010', 9.52296325134078]
['KEN', None, 'YR2023', None]
['KEN', None, 'YR2022', None]
['KEN', None, 'YR2021', None]
['KEN', None, 'YR2020', None]
['KEN', None, 'YR2019', None]
['KEN', None, 'YR2018', None]
['KEN', None, 'YR2017', None]
['KEN', None, 'YR2016', None]
['KEN', None, 'YR2015', None]
['KEN', None, 'YR2014', None]
['KEN', None, 'YR2013', None]
['KEN', None, 'YR2012', None]
['KEN', None, 'YR2011', None]
['KEN', None, 'YR2010', None]
['KIR', None, 'YR2023', None]
['KIR', None, 'YR2022', None]
['KIR', None, 'YR2021', None]
['KIR', None, 'YR2020', None]
['KIR', None, 'YR2019', None]
['KIR', None, 'YR2018', None]
['KIR', None, 'YR2017', None]
['KIR', None, 'YR2016', None]
['KIR', None, 'YR2015', None]
['KIR', None, 'YR2014', None]
['KIR', None, 'YR2013', None]
['KIR', None, 'YR2012', None]
['KIR', None, 'YR2011', None]
['KIR', None, 'YR2010', None]
['KOR', None, 'YR2023', None]
['KOR', None, 'YR2022', None]
['KOR', 1018366972012990, 'YR2021', 48.955278643504]
['KOR', 901110161116171, 'YR2020', 46.4315966423379]
['KOR', 769211885817289, 'YR2019', 39.969480137044]
['KOR', 712878439713666, 'YR2018', 37.5556431793942]
['KOR', 685608222944530, 'YR2017', 37.3486351375477]
['KOR', 662636705078292, 'YR2016', 38.0655141568922]
['KOR', 621640877442310, 'YR2015', 37.4929571097141]
['KOR', 570473174969116, 'YR2014', 36.5002640215506]
['KOR', 524234000000000, 'YR2013', 34.9298593014974]
['KOR', 466726000000000, 'YR2012', 32.4090205799357]
['KOR', None, 'YR2011', None]
['KOR', None, 'YR2010', None]
['KWT', None, 'YR2023', None]
['KWT', None, 'YR2022', None]
['KWT', None, 'YR2021', None]
['KWT', None, 'YR2020', None]
['KWT', None, 'YR2019', None]
['KWT', None, 'YR2018', None]
['KWT', None, 'YR2017', None]
['KWT', None, 'YR2016', None]
['KWT', None, 'YR2015', None]
['KWT', None, 'YR2014', None]
['KWT', None, 'YR2013', None]
['KWT', None, 'YR2012', None]
['KWT', None, 'YR2011', None]
['KWT', None, 'YR2010', None]
['KGZ', None, 'YR2023', None]
['KGZ', None, 'YR2022', None]
['KGZ', 441235232900, 'YR2021', 56.3623694600643]
['KGZ', 434708207000, 'YR2020', 67.9562222931595]
['KGZ', 335722600000, 'YR2019', 51.3325378370411]
['KGZ', 294126300000, 'YR2018', 51.6567858407378]
['KGZ', 323156400000, 'YR2017', 60.9182286766387]
['KGZ', 288054200000, 'YR2016', 60.4735108680683]
['KGZ', 311917800000, 'YR2015', 72.4565575830671]
['KGZ', 215931300000, 'YR2014', 53.8893270176244]
['KGZ', None, 'YR2013', None]
['KGZ', None, 'YR2012', None]
['KGZ', None, 'YR2011', None]
['KGZ', None, 'YR2010', None]
['LAO', None, 'YR2023', None]
['LAO', None, 'YR2022', None]
['LAO', None, 'YR2021', None]
['LAO', None, 'YR2020', None]
['LAO', None, 'YR2019', None]
['LAO', None, 'YR2018', None]
['LAO', None, 'YR2017', None]
['LAO', None, 'YR2016', None]
['LAO', None, 'YR2015', None]
['LAO', None, 'YR2014', None]
['LAO', None, 'YR2013', None]
['LAO', None, 'YR2012', None]
['LAO', None, 'YR2011', None]
['LAO', None, 'YR2010', None]
['LVA', None, 'YR2023', None]
['LVA', None, 'YR2022', None]
['LVA', None, 'YR2021', None]
['LVA', None, 'YR2020', None]
['LVA', None, 'YR2019', None]
['LVA', None, 'YR2018', None]
['LVA', None, 'YR2017', None]
['LVA', None, 'YR2016', None]
['LVA', None, 'YR2015', None]
['LVA', None, 'YR2014', None]
['LVA', None, 'YR2013', None]
['LVA', None, 'YR2012', None]
['LVA', None, 'YR2011', None]
['LVA', None, 'YR2010', None]
['LBN', None, 'YR2023', None]
['LBN', None, 'YR2022', None]
['LBN', None, 'YR2021', None]
['LBN', None, 'YR2020', None]
['LBN', None, 'YR2019', None]
['LBN', None, 'YR2018', None]
['LBN', None, 'YR2017', None]
['LBN', None, 'YR2016', None]
['LBN', None, 'YR2015', None]
['LBN', None, 'YR2014', None]
['LBN', None, 'YR2013', None]
['LBN', None, 'YR2012', None]
['LBN', None, 'YR2011', None]
['LBN', None, 'YR2010', None]
['LSO', None, 'YR2023', None]
['LSO', None, 'YR2022', None]
['LSO', None, 'YR2021', None]
['LSO', 1011600000, 'YR2020', 2.97229108957081]
['LSO', 11111100000, 'YR2019', 32.5583713658631]
['LSO', 11111100000, 'YR2018', 32.8447143461545]
['LSO', 11484900000, 'YR2017', 37.3770351147008]
['LSO', 13081800000, 'YR2016', 41.723077696776]
['LSO', 9977000000, 'YR2015', 33.1383846153849]
['LSO', 8747000000, 'YR2014', 33.0174927862044]
['LSO', 7585100000, 'YR2013', 33.208634984126]
['LSO', 6548400000, 'YR2012', 32.1837873350535]
['LSO', 5080600000, 'YR2011', 27.1308905908949]
['LSO', 4836000000, 'YR2010', 29.563599276758]
['LBR', None, 'YR2023', None]
['LBR', None, 'YR2022', None]
['LBR', None, 'YR2021', None]
['LBR', None, 'YR2020', None]
['LBR', None, 'YR2019', None]
['LBR', None, 'YR2018', None]
['LBR', None, 'YR2017', None]
['LBR', None, 'YR2016', None]
['LBR', None, 'YR2015', None]
['LBR', None, 'YR2014', None]
['LBR', None, 'YR2013', None]
['LBR', 567200000, 'YR2012', 20.3179952529254]
['LBR', 521100000, 'YR2011', 21.7306088407006]
['LBR', None, 'YR2010', None]
['LBY', None, 'YR2023', None]
['LBY', None, 'YR2022', None]
['LBY', None, 'YR2021', None]
['LBY', None, 'YR2020', None]
['LBY', None, 'YR2019', None]
['LBY', None, 'YR2018', None]
['LBY', None, 'YR2017', None]
['LBY', None, 'YR2016', None]
['LBY', None, 'YR2015', None]
['LBY', None, 'YR2014', None]
['LBY', None, 'YR2013', None]
['LBY', None, 'YR2012', None]
['LBY', None, 'YR2011', None]
['LBY', None, 'YR2010', None]
['LTU', None, 'YR2023', None]
['LTU', None, 'YR2022', None]
['LTU', 27463620000, 'YR2021', 48.6270193156438]
['LTU', 26589420000, 'YR2020', 53.3140743484293]
['LTU', 20858260000, 'YR2019', 42.6033861692072]
['LTU', 17746320000, 'YR2018', 38.9898536371104]
['LTU', 19016241000, 'YR2017', 44.9808577132477]
['LTU', 18566679000, 'YR2016', 47.7416942235485]
['LTU', 18540530000, 'YR2015', 49.6456914528683]
['LTU', 17680483000, 'YR2014', 48.3320102989201]
['LTU', 15710299000, 'YR2013', 44.8359155161308]
['LTU', 15769132000, 'YR2012', 47.1986083994861]
['LTU', 12856905000, 'YR2011', 41.0538558275767]
['LTU', 11557261000, 'YR2010', 41.2261177413734]
['LUX', None, 'YR2023', None]
['LUX', None, 'YR2022', None]
['LUX', None, 'YR2021', None]
['LUX', None, 'YR2020', None]
['LUX', None, 'YR2019', None]
['LUX', None, 'YR2018', None]
['LUX', None, 'YR2017', None]
['LUX', None, 'YR2016', None]
['LUX', None, 'YR2015', None]
['LUX', None, 'YR2014', None]
['LUX', None, 'YR2013', None]
['LUX', None, 'YR2012', None]
['LUX', None, 'YR2011', None]
['LUX', None, 'YR2010', None]
['MKD', None, 'YR2023', None]
['MKD', None, 'YR2022', None]
['MKD', None, 'YR2021', None]
['MKD', None, 'YR2020', None]
['MKD', None, 'YR2019', None]
['MKD', None, 'YR2018', None]
['MKD', None, 'YR2017', None]
['MKD', None, 'YR2016', None]
['MKD', None, 'YR2015', None]
['MKD', None, 'YR2014', None]
['MKD', None, 'YR2013', None]
['MKD', None, 'YR2012', None]
['MKD', None, 'YR2011', None]
['MKD', None, 'YR2010', None]
['MDG', None, 'YR2023', None]
['MDG', None, 'YR2022', None]
['MDG', None, 'YR2021', None]
['MDG', None, 'YR2020', None]
['MDG', None, 'YR2019', None]
['MDG', None, 'YR2018', None]
['MDG', None, 'YR2017', None]
['MDG', None, 'YR2016', None]
['MDG', None, 'YR2015', None]
['MDG', None, 'YR2014', None]
['MDG', None, 'YR2013', None]
['MDG', None, 'YR2012', None]
['MDG', None, 'YR2011', None]
['MDG', None, 'YR2010', None]
['MWI', None, 'YR2023', None]
['MWI', None, 'YR2022', None]
['MWI', None, 'YR2021', None]
['MWI', None, 'YR2020', None]
['MWI', 3690159449119.26, 'YR2019', 44.8932535547687]
['MWI', 3017026009047.64, 'YR2018', 41.6950114158995]
['MWI', 2239858619962.69, 'YR2017', 34.2946225694095]
['MWI', 2151680949747.66, 'YR2016', 37.8862077338952]
['MWI', 1259062000000, 'YR2015', 27.3346460465678]
['MWI', 1044137600000, 'YR2014', 27.9207565041985]
['MWI', 729170600000, 'YR2013', 24.9138891722583]
['MWI', 622024773095.601, 'YR2012', 28.4619929057621]
['MWI', 343575939491.568, 'YR2011', 18.8455448350087]
['MWI', 293569316030.82, 'YR2010', 19.2608300381554]
['MYS', None, 'YR2023', None]
['MYS', None, 'YR2022', None]
['MYS', 979814000000, 'YR2021', 63.2587801793511]
['MYS', 879559708809.62, 'YR2020', 62.0067215086738]
['MYS', 792997555813.07, 'YR2019', 52.4213502119727]
['MYS', 741049014484.13, 'YR2018', 51.1859148831795]
['MYS', 686836648475.93, 'YR2017', 50.0496777374929]
['MYS', 648474726000, 'YR2016', 51.8905275342534]
['MYS', 630540000000, 'YR2015', 53.5744697326154]
['MYS', 582828241000, 'YR2014', 52.6758487332831]
['MYS', 539857800000, 'YR2013', 52.9992519246741]
['MYS', 501617000000, 'YR2012', 51.6464316160996]
['MYS', 456128000000, 'YR2011', 50.0286816425423]
['MYS', 407101237000, 'YR2010', 49.5598230655171]
['MDV', None, 'YR2023', None]
['MDV', None, 'YR2022', None]
['MDV', None, 'YR2021', None]
['MDV', None, 'YR2020', None]
['MDV', None, 'YR2019', None]
['MDV', None, 'YR2018', None]
['MDV', None, 'YR2017', None]
['MDV', None, 'YR2016', None]
['MDV', None, 'YR2015', None]
['MDV', None, 'YR2014', None]
['MDV', None, 'YR2013', None]
['MDV', None, 'YR2012', None]
['MDV', None, 'YR2011', None]
['MDV', None, 'YR2010', None]
['MLI', None, 'YR2023', None]
['MLI', None, 'YR2022', None]
['MLI', None, 'YR2021', None]
['MLI', None, 'YR2020', None]
['MLI', None, 'YR2019', None]
['MLI', None, 'YR2018', None]
['MLI', None, 'YR2017', None]
['MLI', None, 'YR2016', None]
['MLI', None, 'YR2015', None]
['MLI', None, 'YR2014', None]
['MLI', None, 'YR2013', None]
['MLI', None, 'YR2012', None]
['MLI', None, 'YR2011', None]
['MLI', None, 'YR2010', None]
['MLT', None, 'YR2023', None]
['MLT', None, 'YR2022', None]
['MLT', None, 'YR2021', None]
['MLT', None, 'YR2020', None]
['MLT', None, 'YR2019', None]
['MLT', None, 'YR2018', None]
['MLT', None, 'YR2017', None]
['MLT', None, 'YR2016', None]
['MLT', None, 'YR2015', None]
['MLT', None, 'YR2014', None]
['MLT', None, 'YR2013', None]
['MLT', None, 'YR2012', None]
['MLT', None, 'YR2011', None]
['MLT', None, 'YR2010', None]
['MRT', None, 'YR2023', None]
['MRT', None, 'YR2022', None]
['MRT', None, 'YR2021', None]
['MRT', None, 'YR2020', None]
['MRT', None, 'YR2019', None]
['MRT', None, 'YR2018', None]
['MRT', None, 'YR2017', None]
['MRT', None, 'YR2016', None]
['MRT', None, 'YR2015', None]
['MRT', None, 'YR2014', None]
['MRT', None, 'YR2013', None]
['MRT', None, 'YR2012', None]
['MRT', None, 'YR2011', None]
['MRT', None, 'YR2010', None]
['MUS', None, 'YR2023', None]
['MUS', None, 'YR2022', None]
['MUS', None, 'YR2021', None]
['MUS', None, 'YR2020', None]
['MUS', 296826300000, 'YR2019', 57.9616604310028]
['MUS', 276935000000, 'YR2018', 55.3817941113535]
['MUS', 265547000000, 'YR2017', 56.1575177483447]
['MUS', None, 'YR2016', None]
['MUS', None, 'YR2015', None]
['MUS', None, 'YR2014', None]
['MUS', None, 'YR2013', None]
['MUS', 128016200000, 'YR2012', 36.5088808021811]
['MUS', 117447200000, 'YR2011', 35.5204190571818]
['MUS', 113289300000, 'YR2010', 36.7873761596586]
['MEX', None, 'YR2023', None]
['MEX', None, 'YR2022', None]
['MEX', 11945151741414.3, 'YR2021', 44.8919003998869]
['MEX', 11040730765570.8, 'YR2020', 45.8505833774117]
['MEX', 10382194912998.5, 'YR2019', 41.2923656613406]
['MEX', None, 'YR2018', None]
['MEX', None, 'YR2017', None]
['MEX', None, 'YR2016', None]
['MEX', None, 'YR2015', None]
['MEX', None, 'YR2014', None]
['MEX', None, 'YR2013', None]
['MEX', None, 'YR2012', None]
['MEX', None, 'YR2011', None]
['MEX', None, 'YR2010', None]
['MDA', None, 'YR2023', None]
['MDA', 94660042340.5395, 'YR2022', 34.5213178653949]
['MDA', 77752700000, 'YR2021', 32.1187790600053]
['MDA', 67820721200, 'YR2020', 33.9555752157792]
['MDA', 52494300000, 'YR2019', 25.4510119081043]
['MDA', 52012600000, 'YR2018', 27.5107781705941]
['MDA', 52216957182.3459, 'YR2017', 29.6674963417643]
['MDA', 51276800000, 'YR2016', 32.2474466077299]
['MDA', 34210400000, 'YR2015', 23.3135833177914]
['MDA', 27799600000, 'YR2014', 21.0660070666528]
['MDA', 23808500000, 'YR2013', 19.9179521587446]
['MDA', 21462200000, 'YR2012', 20.3471393454785]
['MDA', 19524100000, 'YR2011', 19.7666739342535]
['MDA', 18922400000, 'YR2010', 21.9325612593611]
['MNG', None, 'YR2023', None]
['MNG', None, 'YR2022', None]
['MNG', 29430882607442.9, 'YR2021', 67.5710143237735]
['MNG', 27691747098647.3, 'YR2020', 73.9367835152858]
['MNG', 23022913305601.5, 'YR2019', 60.8440397174621]
['MNG', 21493233782004, 'YR2018', 65.9653147370968]
['MNG', None, 'YR2017', None]
['MNG', None, 'YR2016', None]
['MNG', None, 'YR2015', None]
['MNG', None, 'YR2014', None]
['MNG', None, 'YR2013', None]
['MNG', None, 'YR2012', None]
['MNG', None, 'YR2011', None]
['MNG', None, 'YR2010', None]
['MAR', None, 'YR2023', None]
['MAR', None, 'YR2022', None]
['MAR', None, 'YR2021', None]
['MAR', None, 'YR2020', None]
['MAR', None, 'YR2019', None]
['MAR', None, 'YR2018', None]
['MAR', None, 'YR2017', None]
['MAR', None, 'YR2016', None]
['MAR', None, 'YR2015', None]
['MAR', None, 'YR2014', None]
['MAR', None, 'YR2013', None]
['MAR', None, 'YR2012', None]
['MAR', 456190140000, 'YR2011', 51.2263215704569]
['MAR', 399864000000, 'YR2010', 47.0982656739638]
['MOZ', None, 'YR2023', None]
['MOZ', None, 'YR2022', None]
['MOZ', 890752470000, 'YR2021', 84.1569617074788]
['MOZ', 1002617878400, 'YR2020', 101.390929405633]
['MOZ', 765354353698.47, 'YR2019', 78.8783408544136]
['MOZ', 737016117758.775, 'YR2018', 81.3537174111685]
['MOZ', 662126083817.354, 'YR2017', 78.5046092527536]
['MOZ', 701991675236.984, 'YR2016', 92.242445572337]
['MOZ', None, 'YR2015', None]
['MOZ', None, 'YR2014', None]
['MOZ', None, 'YR2013', None]
['MOZ', None, 'YR2012', None]
['MOZ', None, 'YR2011', None]
['MOZ', None, 'YR2010', None]
['MMR', None, 'YR2023', None]
['MMR', None, 'YR2022', None]
['MMR', None, 'YR2021', None]
['MMR', None, 'YR2020', None]
['MMR', None, 'YR2019', None]
['MMR', None, 'YR2018', None]
['MMR', None, 'YR2017', None]
['MMR', None, 'YR2016', None]
['MMR', None, 'YR2015', None]
['MMR', None, 'YR2014', None]
['MMR', None, 'YR2013', None]
['MMR', None, 'YR2012', None]
['MMR', None, 'YR2011', None]
['MMR', None, 'YR2010', None]
['NAM', None, 'YR2023', None]
['NAM', None, 'YR2022', None]
['NAM', None, 'YR2021', None]
['NAM', None, 'YR2020', None]
['NAM', 8408530000, 'YR2019', 4.64019268079582]
['NAM', 9947887124, 'YR2018', 5.49403520718886]
['NAM', 9327207974.21, 'YR2017', 5.43638589400979]
['NAM', 8333280000, 'YR2016', 5.28400408169608]
['NAM', 6815540724.82, 'YR2015', 4.6675823557404]
['NAM', None, 'YR2014', None]
['NAM', 3019963773.91, 'YR2013', 2.57186406129022]
['NAM', -1251079601, 'YR2012', -1.17072566818484]
['NAM', 6811414652, 'YR2011', 7.45061506273455]
['NAM', 1346544858, 'YR2010', 1.60694919254531]
['NPL', None, 'YR2023', None]
['NPL', None, 'YR2022', None]
['NPL', 1737636800000, 'YR2021', 39.9222686422289]
['NPL', 1518482900000, 'YR2020', 39.0485631284493]
['NPL', 1226258000000, 'YR2019', 31.7771473472895]
['NPL', None, 'YR2018', None]
['NPL', None, 'YR2017', None]
['NPL', None, 'YR2016', None]
['NPL', None, 'YR2015', None]
['NPL', None, 'YR2014', None]
['NPL', None, 'YR2013', None]
['NPL', None, 'YR2012', None]
['NPL', None, 'YR2011', None]
['NPL', 403903349000, 'YR2010', 33.8625212320188]
['NLD', None, 'YR2023', None]
['NLD', None, 'YR2022', None]
['NLD', None, 'YR2021', None]
['NLD', None, 'YR2020', None]
['NLD', None, 'YR2019', None]
['NLD', None, 'YR2018', None]
['NLD', None, 'YR2017', None]
['NLD', None, 'YR2016', None]
['NLD', None, 'YR2015', None]
['NLD', None, 'YR2014', None]
['NLD', None, 'YR2013', None]
['NLD', None, 'YR2012', None]
['NLD', None, 'YR2011', None]
['NLD', None, 'YR2010', None]
['NCL', None, 'YR2023', None]
['NCL', None, 'YR2022', None]
['NCL', None, 'YR2021', None]
['NCL', None, 'YR2020', None]
['NCL', None, 'YR2019', None]
['NCL', None, 'YR2018', None]
['NCL', None, 'YR2017', None]
['NCL', None, 'YR2016', None]
['NCL', None, 'YR2015', None]
['NCL', None, 'YR2014', None]
['NCL', None, 'YR2013', None]
['NCL', None, 'YR2012', None]
['NCL', None, 'YR2011', None]
['NCL', None, 'YR2010', None]
['NZL', None, 'YR2023', None]
['NZL', 212342931000, 'YR2022', 54.2657586361773]
['NZL', 184212968000, 'YR2021', 50.9862933470616]
['NZL', 151265010000, 'YR2020', 46.1462224866151]
['NZL', 105931850000, 'YR2019', 32.7509143692784]
['NZL', 112153650000, 'YR2018', 36.6238721749268]
['NZL', 112401800000, 'YR2017', 38.6647128227884]
['NZL', 112351140000, 'YR2016', 41.4165686711812]
['NZL', 109642590000, 'YR2015', 42.9398409963186]
['NZL', 106569860000, 'YR2014', 43.9155478633535]
['NZL', 108133100000, 'YR2013', 46.4503228189851]
['NZL', 112349800000, 'YR2012', 51.6576930327511]
['NZL', 102543760000, 'YR2011', 48.1369604506513]
['NZL', 70784470000, 'YR2010', 34.8105506978391]
['NIC', None, 'YR2023', None]
['NIC', None, 'YR2022', None]
['NIC', None, 'YR2021', None]
['NIC', None, 'YR2020', None]
['NIC', None, 'YR2019', None]
['NIC', None, 'YR2018', None]
['NIC', None, 'YR2017', None]
['NIC', None, 'YR2016', None]
['NIC', None, 'YR2015', None]
['NIC', None, 'YR2014', None]
['NIC', None, 'YR2013', None]
['NIC', None, 'YR2012', None]
['NIC', None, 'YR2011', None]
['NIC', None, 'YR2010', None]
['NER', None, 'YR2023', None]
['NER', None, 'YR2022', None]
['NER', None, 'YR2021', None]
['NER', None, 'YR2020', None]
['NER', None, 'YR2019', None]
['NER', None, 'YR2018', None]
['NER', None, 'YR2017', None]
['NER', None, 'YR2016', None]
['NER', None, 'YR2015', None]
['NER', None, 'YR2014', None]
['NER', None, 'YR2013', None]
['NER', None, 'YR2012', None]
['NER', None, 'YR2011', None]
['NER', None, 'YR2010', None]
['NGA', None, 'YR2023', None]
['NGA', None, 'YR2022', None]
['NGA', None, 'YR2021', None]
['NGA', None, 'YR2020', None]
['NGA', None, 'YR2019', None]
['NGA', None, 'YR2018', None]
['NGA', None, 'YR2017', None]
['NGA', None, 'YR2016', None]
['NGA', None, 'YR2015', None]
['NGA', None, 'YR2014', None]
['NGA', None, 'YR2013', None]
['NGA', None, 'YR2012', None]
['NGA', None, 'YR2011', None]
['NGA', None, 'YR2010', None]
['PRK', None, 'YR2023', None]
['PRK', None, 'YR2022', None]
['PRK', None, 'YR2021', None]
['PRK', None, 'YR2020', None]
['PRK', None, 'YR2019', None]
['PRK', None, 'YR2018', None]
['PRK', None, 'YR2017', None]
['PRK', None, 'YR2016', None]
['PRK', None, 'YR2015', None]
['PRK', None, 'YR2014', None]
['PRK', None, 'YR2013', None]
['PRK', None, 'YR2012', None]
['PRK', None, 'YR2011', None]
['PRK', None, 'YR2010', None]
['NOR', None, 'YR2023', None]
['NOR', None, 'YR2022', None]
['NOR', None, 'YR2021', None]
['NOR', None, 'YR2020', None]
['NOR', None, 'YR2019', None]
['NOR', None, 'YR2018', None]
['NOR', None, 'YR2017', None]
['NOR', None, 'YR2016', None]
['NOR', None, 'YR2015', None]
['NOR', None, 'YR2014', None]
['NOR', None, 'YR2013', None]
['NOR', None, 'YR2012', None]
['NOR', None, 'YR2011', None]
['NOR', None, 'YR2010', None]
['OMN', None, 'YR2023', None]
['OMN', None, 'YR2022', None]
['OMN', None, 'YR2021', None]
['OMN', None, 'YR2020', None]
['OMN', None, 'YR2019', None]
['OMN', None, 'YR2018', None]
['OMN', None, 'YR2017', None]
['OMN', None, 'YR2016', None]
['OMN', None, 'YR2015', None]
['OMN', None, 'YR2014', None]
['OMN', None, 'YR2013', None]
['OMN', None, 'YR2012', None]
['OMN', None, 'YR2011', None]
['OMN', None, 'YR2010', None]
['PAK', None, 'YR2023', None]
['PAK', None, 'YR2022', None]
['PAK', None, 'YR2021', None]
['PAK', None, 'YR2020', None]
['PAK', None, 'YR2019', None]
['PAK', None, 'YR2018', None]
['PAK', None, 'YR2017', None]
['PAK', None, 'YR2016', None]
['PAK', None, 'YR2015', None]
['PAK', None, 'YR2014', None]
['PAK', None, 'YR2013', None]
['PAK', None, 'YR2012', None]
['PAK', None, 'YR2011', None]
['PAK', None, 'YR2010', None]
['PLW', None, 'YR2023', None]
['PLW', None, 'YR2022', None]
['PLW', None, 'YR2021', None]
['PLW', None, 'YR2020', None]
['PLW', 240221474, 'YR2019', 85.1938697460682]
['PLW', 241445459, 'YR2018', 83.6765103864945]
['PLW', 227998358, 'YR2017', 79.8313578431373]
['PLW', 202718309, 'YR2016', 67.9578642306403]
['PLW', 177991821, 'YR2015', 63.4647652747634]
['PLW', 52870917, 'YR2014', 21.8773371765938]
['PLW', 51346466, 'YR2013', 23.2213803358581]
['PLW', 57924828, 'YR2012', 27.2718587480661]
['PLW', 50703087, 'YR2011', 25.7492274432472]
['PLW', 60899132, 'YR2010', 32.7515055689109]
['PAN', None, 'YR2023', None]
['PAN', None, 'YR2022', None]
['PAN', None, 'YR2021', None]
['PAN', None, 'YR2020', None]
['PAN', None, 'YR2019', None]
['PAN', None, 'YR2018', None]
['PAN', None, 'YR2017', None]
['PAN', None, 'YR2016', None]
['PAN', None, 'YR2015', None]
['PAN', None, 'YR2014', None]
['PAN', None, 'YR2013', None]
['PAN', None, 'YR2012', None]
['PAN', None, 'YR2011', None]
['PAN', None, 'YR2010', None]
['PNG', None, 'YR2023', None]
['PNG', None, 'YR2022', None]
['PNG', None, 'YR2021', None]
['PNG', 40168385513.6, 'YR2020', 48.6801012102042]
['PNG', 33666850000, 'YR2019', 40.1535903679386]
['PNG', 29121100000, 'YR2018', 36.6742909998618]
['PNG', 23704200000, 'YR2017', 32.685689411013]
['PNG', 21944000000, 'YR2016', 33.7401900962348]
['PNG', 17966880000, 'YR2015', 29.8753777382805]
['PNG', 15365100000, 'YR2014', 26.8946120001805]
['PNG', None, 'YR2013', None]
['PNG', None, 'YR2012', None]
['PNG', None, 'YR2011', None]
['PNG', None, 'YR2010', None]
['PRY', None, 'YR2023', None]
['PRY', None, 'YR2022', None]
['PRY', None, 'YR2021', None]
['PRY', None, 'YR2020', None]
['PRY', None, 'YR2019', None]
['PRY', None, 'YR2018', None]
['PRY', None, 'YR2017', None]
['PRY', None, 'YR2016', None]
['PRY', None, 'YR2015', None]
['PRY', None, 'YR2014', None]
['PRY', None, 'YR2013', None]
['PRY', None, 'YR2012', None]
['PRY', None, 'YR2011', None]
['PRY', None, 'YR2010', None]
['PER', None, 'YR2023', None]
['PER', None, 'YR2022', None]
['PER', 309587259565.873, 'YR2021', 35.6606135082656]
['PER', 244715451730.819, 'YR2020', 34.6723130272698]
['PER', 202128486074.916, 'YR2019', 26.5266050304096]
['PER', 188230283525.733, 'YR2018', 25.7290009576063]
['PER', 170265853525.263, 'YR2017', 24.7483395120072]
['PER', 153537836922.523, 'YR2016', 23.7062564342415]
['PER', 138203069701.025, 'YR2015', 22.865554469277]
['PER', 111530742539.541, 'YR2014', 19.56538960172]
['PER', 99983975659.9249, 'YR2013', 18.3944203835345]
['PER', 97645803874.4182, 'YR2012', 19.2166594587652]
['PER', 98016777293.6355, 'YR2011', 20.7202165724133]
['PER', 98701917217.2308, 'YR2010', 23.6817913396941]
['PHL', None, 'YR2023', None]
['PHL', None, 'YR2022', None]
['PHL', None, 'YR2021', None]
['PHL', None, 'YR2020', None]
['PHL', None, 'YR2019', None]
['PHL', None, 'YR2018', None]
['PHL', None, 'YR2017', None]
['PHL', None, 'YR2016', None]
['PHL', None, 'YR2015', None]
['PHL', 5735242000000, 'YR2014', 43.4263389404755]
['PHL', 5681153000000, 'YR2013', 47.1441818588088]
['PHL', 5437104000000, 'YR2012', 49.1574552049271]
['PHL', 4951188000000, 'YR2011', 48.805848124495]
['PHL', 4718171000000, 'YR2010', 50.1962414764938]
['POL', None, 'YR2023', None]
['POL', None, 'YR2022', None]
['POL', None, 'YR2021', None]
['POL', None, 'YR2020', None]
['POL', None, 'YR2019', None]
['POL', None, 'YR2018', None]
['POL', None, 'YR2017', None]
['POL', None, 'YR2016', None]
['POL', None, 'YR2015', None]
['POL', None, 'YR2014', None]
['POL', None, 'YR2013', None]
['POL', None, 'YR2012', None]
['POL', None, 'YR2011', None]
['POL', None, 'YR2010', None]
['PRT', None, 'YR2023', None]
['PRT', None, 'YR2022', None]
['PRT', None, 'YR2021', None]
['PRT', None, 'YR2020', None]
['PRT', None, 'YR2019', None]
['PRT', None, 'YR2018', None]
['PRT', None, 'YR2017', None]
['PRT', None, 'YR2016', None]
['PRT', None, 'YR2015', None]
['PRT', None, 'YR2014', None]
['PRT', None, 'YR2013', None]
['PRT', None, 'YR2012', None]
['PRT', None, 'YR2011', None]
['PRT', None, 'YR2010', None]
['QAT', None, 'YR2023', None]
['QAT', None, 'YR2022', None]
['QAT', None, 'YR2021', None]
['QAT', None, 'YR2020', None]
['QAT', None, 'YR2019', None]
['QAT', None, 'YR2018', None]
['QAT', None, 'YR2017', None]
['QAT', None, 'YR2016', None]
['QAT', None, 'YR2015', None]
['QAT', None, 'YR2014', None]
['QAT', None, 'YR2013', None]
['QAT', None, 'YR2012', None]
['QAT', None, 'YR2011', None]
['QAT', None, 'YR2010', None]
['RUS', None, 'YR2023', None]
['RUS', None, 'YR2022', None]
['RUS', 28331504000000, 'YR2021', 20.9405403008241]
['RUS', 24752773000000, 'YR2020', 22.992021036968]
['RUS', 18935983000000, 'YR2019', 17.2760484379376]
['RUS', 16792961000000, 'YR2018', 16.1685789853238]
['RUS', 14993746000000, 'YR2017', 16.3253741158845]
['RUS', 12193222000000, 'YR2016', 14.2417395793548]
['RUS', 11250670224079.3, 'YR2015', 13.5407657768558]
['RUS', 8851724551740.4, 'YR2014', 11.2004612827286]
['RUS', 6617800000000, 'YR2013', 9.06725564048848]
['RUS', 5823800000000, 'YR2012', 8.55140859340356]
['RUS', 5194500000000, 'YR2011', 8.64108194430582]
['RUS', 4213200000000, 'YR2010', 9.09810564473106]
['RWA', None, 'YR2023', None]
['RWA', None, 'YR2022', None]
['RWA', None, 'YR2021', None]
['RWA', None, 'YR2020', None]
['RWA', None, 'YR2019', None]
['RWA', None, 'YR2018', None]
['RWA', None, 'YR2017', None]
['RWA', None, 'YR2016', None]
['RWA', None, 'YR2015', None]
['RWA', None, 'YR2014', None]
['RWA', None, 'YR2013', None]
['RWA', None, 'YR2012', None]
['RWA', None, 'YR2011', None]
['RWA', None, 'YR2010', None]
['WSM', None, 'YR2023', None]
['WSM', None, 'YR2022', None]
['WSM', None, 'YR2021', None]
['WSM', None, 'YR2020', None]
['WSM', None, 'YR2019', None]
['WSM', None, 'YR2018', None]
['WSM', None, 'YR2017', None]
['WSM', None, 'YR2016', None]
['WSM', None, 'YR2015', None]
['WSM', None, 'YR2014', None]
['WSM', None, 'YR2013', None]
['WSM', None, 'YR2012', None]
['WSM', None, 'YR2011', None]
['WSM', None, 'YR2010', None]
['STP', None, 'YR2023', None]
['STP', None, 'YR2022', None]
['STP', None, 'YR2021', None]
['STP', None, 'YR2020', None]
['STP', None, 'YR2019', None]
['STP', None, 'YR2018', None]
['STP', None, 'YR2017', None]
['STP', None, 'YR2016', None]
['STP', None, 'YR2015', None]
['STP', None, 'YR2014', None]
['STP', None, 'YR2013', None]
['STP', None, 'YR2012', None]
['STP', None, 'YR2011', None]
['STP', None, 'YR2010', None]
['SAU', None, 'YR2023', None]
['SAU', None, 'YR2022', None]
['SAU', None, 'YR2021', None]
['SAU', None, 'YR2020', None]
['SAU', None, 'YR2019', None]
['SAU', None, 'YR2018', None]
['SAU', None, 'YR2017', None]
['SAU', None, 'YR2016', None]
['SAU', None, 'YR2015', None]
['SAU', None, 'YR2014', None]
['SAU', None, 'YR2013', None]
['SAU', None, 'YR2012', None]
['SAU', None, 'YR2011', None]
['SAU', None, 'YR2010', None]
['SEN', None, 'YR2023', None]
['SEN', None, 'YR2022', None]
['SEN', None, 'YR2021', None]
['SEN', None, 'YR2020', None]
['SEN', None, 'YR2019', None]
['SEN', None, 'YR2018', None]
['SEN', None, 'YR2017', None]
['SEN', None, 'YR2016', None]
['SEN', None, 'YR2015', None]
['SEN', None, 'YR2014', None]
['SEN', None, 'YR2013', None]
['SEN', None, 'YR2012', None]
['SEN', None, 'YR2011', None]
['SEN', None, 'YR2010', None]
['SYC', None, 'YR2023', None]
['SYC', None, 'YR2022', None]
['SYC', None, 'YR2021', None]
['SYC', None, 'YR2020', None]
['SYC', None, 'YR2019', None]
['SYC', None, 'YR2018', None]
['SYC', None, 'YR2017', None]
['SYC', None, 'YR2016', None]
['SYC', 11616521354, 'YR2015', 62.7060234637395]
['SYC', 11784224932.45, 'YR2014', 66.6246580460279]
['SYC', 8255589015, 'YR2013', 51.6741438710704]
['SYC', 11345700000, 'YR2012', 75.9633322142517]
['SYC', 10403900000, 'YR2011', 79.33062547744]
['SYC', 8820117326.27988, 'YR2010', 74.4342121610963]
['SLE', None, 'YR2023', None]
['SLE', None, 'YR2022', None]
['SLE', None, 'YR2021', None]
['SLE', None, 'YR2020', None]
['SLE', None, 'YR2019', None]
['SLE', None, 'YR2018', None]
['SLE', None, 'YR2017', None]
['SLE', None, 'YR2016', None]
['SLE', None, 'YR2015', None]
['SLE', None, 'YR2014', None]
['SLE', None, 'YR2013', None]
['SLE', None, 'YR2012', None]
['SLE', None, 'YR2011', None]
['SLE', None, 'YR2010', None]
['SVK', None, 'YR2023', None]
['SVK', None, 'YR2022', None]
['SVK', 79511130000, 'YR2021', 79.3083219659854]
['SVK', 73270178000, 'YR2020', 78.410708794272]
['SVK', 59632569000, 'YR2019', 63.1502033035484]
['SVK', 57325207000, 'YR2018', 63.7834801839045]
['SVK', 54488352000, 'YR2017', 64.3538811329559]
['SVK', 53972981000, 'YR2016', 66.4158618848854]
['SVK', 51949311000, 'YR2015', 64.8344855345917]
['SVK', 50303190000, 'YR2014', 65.8810864959357]
['SVK', 47087469000, 'YR2013', 63.2107712755514]
['SVK', 43075795000, 'YR2012', 58.4877522932784]
['SVK', 34873950000, 'YR2011', 48.5805377288442]
['SVK', 31329393000, 'YR2010', 45.5601209145119]
['SVN', None, 'YR2023', None]
['SVN', None, 'YR2022', None]
['SVN', None, 'YR2021', None]
['SVN', None, 'YR2020', None]
['SVN', None, 'YR2019', None]
['SVN', None, 'YR2018', None]
['SVN', None, 'YR2017', None]
['SVN', None, 'YR2016', None]
['SVN', None, 'YR2015', None]
['SVN', None, 'YR2014', None]
['SVN', None, 'YR2013', None]
['SVN', None, 'YR2012', None]
['SVN', None, 'YR2011', None]
['SVN', None, 'YR2010', None]
['SLB', None, 'YR2023', None]
['SLB', None, 'YR2022', None]
['SLB', None, 'YR2021', None]
['SLB', 1446400303.87, 'YR2020', 11.463900323928]
['SLB', 1024865155.67, 'YR2019', 7.74418282960556]
['SLB', 987382608.73, 'YR2018', 7.68564585571841]
['SLB', 974080142.13, 'YR2017', 8.40245792327997]
['SLB', 686326347.948075, 'YR2016', 6.25958874127244]
['SLB', 697458792.772927, 'YR2015', 6.73762563417532]
['SLB', 858979631.76183, 'YR2014', 8.72033980449154]
['SLB', 948875912.314414, 'YR2013', 10.105282402522]
['SLB', 1010570901.49152, 'YR2012', 11.5924393632523]
['SLB', 1132179884.38, 'YR2011', 13.9268083446706]
['SLB', None, 'YR2010', None]
['SOM', None, 'YR2023', None]
['SOM', None, 'YR2022', None]
['SOM', None, 'YR2021', None]
['SOM', None, 'YR2020', None]
['SOM', None, 'YR2019', None]
['SOM', None, 'YR2018', None]
['SOM', None, 'YR2017', None]
['SOM', None, 'YR2016', None]
['SOM', None, 'YR2015', None]
['SOM', None, 'YR2014', None]
['SOM', None, 'YR2013', None]
['SOM', None, 'YR2012', None]
['SOM', None, 'YR2011', None]
['SOM', None, 'YR2010', None]
['ZAF', None, 'YR2023', None]
['ZAF', None, 'YR2022', None]
['ZAF', 4682597134893.73, 'YR2021', 75.4188859316029]
['ZAF', 4308363314038.21, 'YR2020', 77.3775814600164]
['ZAF', 3633280303931, 'YR2019', 64.5892781356411]
['ZAF', 3169769509706, 'YR2018', 59.1023114070096]
['ZAF', 2856975475258.65, 'YR2017', 56.2597208389163]
['ZAF', 2557727087795.13, 'YR2016', 53.7387913884354]
['ZAF', 2327598423524.07, 'YR2015', 52.6511572360833]
['ZAF', None, 'YR2014', None]
['ZAF', None, 'YR2013', None]
['ZAF', None, 'YR2012', None]
['ZAF', None, 'YR2011', None]
['ZAF', None, 'YR2010', None]
['ESP', None, 'YR2023', None]
['ESP', None, 'YR2022', None]
['ESP', 1639117010150.78, 'YR2021', 134.10213698474]
['ESP', 1569613352476.01, 'YR2020', 140.268036253117]
['ESP', 1395605216509.28, 'YR2019', 112.050634277545]
['ESP', 1299860823414.02, 'YR2018', 107.974507264889]
['ESP', 1247195481671.84, 'YR2017', 107.286371146798]
['ESP', 1189987209209.71, 'YR2016', 106.78085544137]
['ESP', 1136260202508.95, 'YR2015', 105.395476685566]
['ESP', 1090154848497.32, 'YR2014', 105.572961714157]
['ESP', 942210357438.358, 'YR2013', 92.3122944318681]
['ESP', 802251159846.82, 'YR2012', 77.8050671752626]
['ESP', 617595798821.694, 'YR2011', 58.057649948503]
['ESP', 538154513288.522, 'YR2010', 50.1678007072302]
['LKA', None, 'YR2023', None]
['LKA', None, 'YR2022', None]
['LKA', None, 'YR2021', None]
['LKA', None, 'YR2020', None]
['LKA', None, 'YR2019', None]
['LKA', None, 'YR2018', None]
['LKA', None, 'YR2017', None]
['LKA', None, 'YR2016', None]
['LKA', 8503200000000, 'YR2015', 73.512659162998]
['LKA', 7390899000000, 'YR2014', 68.5910423335315]
['LKA', 6793249000000, 'YR2013', 68.353616559854]
['LKA', 6000110000000, 'YR2012', 66.747235367261]
['LKA', 5133370000000, 'YR2011', 68.5257394060365]
['LKA', 4591245000000, 'YR2010', 69.2530251841062]
['KNA', None, 'YR2023', None]
['KNA', None, 'YR2022', None]
['KNA', None, 'YR2021', None]
['KNA', None, 'YR2020', None]
['KNA', None, 'YR2019', None]
['KNA', None, 'YR2018', None]
['KNA', None, 'YR2017', None]
['KNA', None, 'YR2016', None]
['KNA', None, 'YR2015', None]
['KNA', 1482430000, 'YR2014', 57.6025334654466]
['KNA', 1585100000, 'YR2013', 67.1021327395416]
['KNA', 2158600000, 'YR2012', 96.8620570510606]
['KNA', 2325390000, 'YR2011', 103.00959046712]
['KNA', 2205100000, 'YR2010', 104.877909576037]
['LCA', None, 'YR2023', None]
['LCA', None, 'YR2022', None]
['LCA', None, 'YR2021', None]
['LCA', None, 'YR2020', None]
['LCA', None, 'YR2019', None]
['LCA', None, 'YR2018', None]
['LCA', None, 'YR2017', None]
['LCA', None, 'YR2016', None]
['LCA', None, 'YR2015', None]
['LCA', None, 'YR2014', None]
['LCA', None, 'YR2013', None]
['LCA', None, 'YR2012', None]
['LCA', None, 'YR2011', None]
['LCA', 1835400000, 'YR2010', 45.8570272133998]
['VCT', None, 'YR2023', None]
['VCT', None, 'YR2022', None]
['VCT', None, 'YR2021', None]
['VCT', None, 'YR2020', None]
['VCT', None, 'YR2019', None]
['VCT', None, 'YR2018', None]
['VCT', None, 'YR2017', None]
['VCT', None, 'YR2016', None]
['VCT', None, 'YR2015', None]
['VCT', None, 'YR2014', None]
['VCT', None, 'YR2013', None]
['VCT', None, 'YR2012', None]
['VCT', None, 'YR2011', None]
['VCT', None, 'YR2010', None]
['SDN', None, 'YR2023', None]
['SDN', None, 'YR2022', None]
['SDN', None, 'YR2021', None]
['SDN', None, 'YR2020', None]
['SDN', None, 'YR2019', None]
['SDN', None, 'YR2018', None]
['SDN', None, 'YR2017', None]
['SDN', None, 'YR2016', None]
['SDN', None, 'YR2015', None]
['SDN', None, 'YR2014', None]
['SDN', None, 'YR2013', None]
['SDN', None, 'YR2012', None]
['SDN', None, 'YR2011', None]
['SDN', None, 'YR2010', None]
['SUR', None, 'YR2023', None]
['SUR', None, 'YR2022', None]
['SUR', None, 'YR2021', None]
['SUR', None, 'YR2020', None]
['SUR', None, 'YR2019', None]
['SUR', None, 'YR2018', None]
['SUR', None, 'YR2017', None]
['SUR', None, 'YR2016', None]
['SUR', None, 'YR2015', None]
['SUR', None, 'YR2014', None]
['SUR', None, 'YR2013', None]
['SUR', None, 'YR2012', None]
['SUR', None, 'YR2011', None]
['SUR', None, 'YR2010', None]
['SWZ', None, 'YR2023', None]
['SWZ', None, 'YR2022', None]
['SWZ', None, 'YR2021', None]
['SWZ', None, 'YR2020', None]
['SWZ', None, 'YR2019', None]
['SWZ', None, 'YR2018', None]
['SWZ', None, 'YR2017', None]
['SWZ', None, 'YR2016', None]
['SWZ', None, 'YR2015', None]
['SWZ', None, 'YR2014', None]
['SWZ', None, 'YR2013', None]
['SWZ', None, 'YR2012', None]
['SWZ', None, 'YR2011', None]
['SWZ', None, 'YR2010', None]
['SWE', None, 'YR2023', None]
['SWE', None, 'YR2022', None]
['SWE', 2220902000000, 'YR2021', 40.4789669588839]
['SWE', 2216657000000, 'YR2020', 43.9940514490513]
['SWE', 1952774000000, 'YR2019', 38.6717096874041]
['SWE', 2040558000000, 'YR2018', 42.2624001047158]
['SWE', 2032616000000, 'YR2017', 43.9475608495741]
['SWE', 2039217000000, 'YR2016', 46.1880562107038]
['SWE', 2020925000000, 'YR2015', 47.4343206265975]
['SWE', 1974585000000, 'YR2014', 49.4545085693247]
['SWE', 1726683000000, 'YR2013', 45.1695424481992]
['SWE', 1628626000000, 'YR2012', 43.5102479611743]
['SWE', 1628525000000, 'YR2011', 43.6847237255241]
['SWE', 1547429000000, 'YR2010', 43.3019148019871]
['CHE', None, 'YR2023', None]
['CHE', None, 'YR2022', None]
['CHE', 148560680483.92, 'YR2021', 19.98582518083]
['CHE', 145259943927.58, 'YR2020', 20.8521076737596]
['CHE', 135879030446.98, 'YR2019', 18.9542598066682]
['CHE', 132525277485.79, 'YR2018', 18.678118566674]
['CHE', 138858658681.67, 'YR2017', 20.2844118326667]
['CHE', 131373735249.06, 'YR2016', 19.3809926558719]
['CHE', 136535794763.72, 'YR2015', 20.4392949592688]
['CHE', 137192219098.87, 'YR2014', 20.611242786827]
['CHE', 132350417883.18, 'YR2013', 20.218157443689]
['CHE', 137382906579.71, 'YR2012', 21.3444959349686]
['CHE', 134407930077.24, 'YR2011', 21.1420070501854]
['CHE', 131114293158.106, 'YR2010', 20.9935662243333]
['SYR', None, 'YR2023', None]
['SYR', None, 'YR2022', None]
['SYR', None, 'YR2021', None]
['SYR', None, 'YR2020', None]
['SYR', None, 'YR2019', None]
['SYR', None, 'YR2018', None]
['SYR', None, 'YR2017', None]
['SYR', None, 'YR2016', None]
['SYR', None, 'YR2015', None]
['SYR', None, 'YR2014', None]
['SYR', None, 'YR2013', None]
['SYR', None, 'YR2012', None]
['SYR', None, 'YR2011', None]
['SYR', None, 'YR2010', None]
['TJK', None, 'YR2023', None]
['TJK', None, 'YR2022', None]
['TJK', None, 'YR2021', None]
['TJK', None, 'YR2020', None]
['TJK', None, 'YR2019', None]
['TJK', None, 'YR2018', None]
['TJK', None, 'YR2017', None]
['TJK', None, 'YR2016', None]
['TJK', None, 'YR2015', None]
['TJK', None, 'YR2014', None]
['TJK', None, 'YR2013', None]
['TJK', None, 'YR2012', None]
['TJK', None, 'YR2011', None]
['TJK', None, 'YR2010', None]
['TZA', None, 'YR2023', None]
['TZA', None, 'YR2022', None]
['TZA', None, 'YR2021', None]
['TZA', None, 'YR2020', None]
['TZA', None, 'YR2019', None]
['TZA', None, 'YR2018', None]
['TZA', None, 'YR2017', None]
['TZA', None, 'YR2016', None]
['TZA', None, 'YR2015', None]
['TZA', None, 'YR2014', None]
['TZA', None, 'YR2013', None]
['TZA', None, 'YR2012', None]
['TZA', None, 'YR2011', None]
['TZA', None, 'YR2010', None]
['THA', None, 'YR2023', None]
['THA', None, 'YR2022', None]
['THA', 9467034940000, 'YR2021', 58.5592313583372]
['THA', 7881197250000, 'YR2020', 50.3232474175262]
['THA', 6779377460000, 'YR2019', 40.1403731171222]
['THA', 6426400560000, 'YR2018', 39.2491659155983]
['THA', None, 'YR2017', None]
['THA', 5615739090000, 'YR2016', 38.4894405797481]
['THA', 5204500220000, 'YR2015', 37.8688674193145]
['THA', 4828617920000, 'YR2014', 36.4966513241117]
['THA', 5174051650000, 'YR2013', 40.0618532889803]
['THA', 3515010840000, 'YR2012', 28.4447160238828]
['THA', 3180856116261, 'YR2011', 28.1319763006874]
['THA', 2907482392592, 'YR2010', 26.9008455437265]
['TGO', None, 'YR2023', None]
['TGO', None, 'YR2022', None]
['TGO', None, 'YR2021', None]
['TGO', None, 'YR2020', None]
['TGO', None, 'YR2019', None]
['TGO', None, 'YR2018', None]
['TGO', None, 'YR2017', None]
['TGO', None, 'YR2016', None]
['TGO', None, 'YR2015', None]
['TGO', None, 'YR2014', None]
['TGO', None, 'YR2013', None]
['TGO', None, 'YR2012', None]
['TGO', None, 'YR2011', None]
['TGO', None, 'YR2010', None]
['TON', None, 'YR2023', None]
['TON', None, 'YR2022', None]
['TON', None, 'YR2021', None]
['TON', None, 'YR2020', None]
['TON', None, 'YR2019', None]
['TON', None, 'YR2018', None]
['TON', None, 'YR2017', None]
['TON', 460835620, 'YR2016', 49.4146054980866]
['TON', 434560045, 'YR2015', 51.176079919279]
['TON', 378478931, 'YR2014', 47.4764850994565]
['TON', 383147251, 'YR2013', 49.0380839800652]
['TON', None, 'YR2012', None]
['TON', None, 'YR2011', None]
['TON', None, 'YR2010', None]
['TTO', None, 'YR2023', None]
['TTO', None, 'YR2022', None]
['TTO', None, 'YR2021', None]
['TTO', None, 'YR2020', None]
['TTO', None, 'YR2019', None]
['TTO', None, 'YR2018', None]
['TTO', None, 'YR2017', None]
['TTO', None, 'YR2016', None]
['TTO', None, 'YR2015', None]
['TTO', None, 'YR2014', None]
['TTO', None, 'YR2013', None]
['TTO', None, 'YR2012', None]
['TTO', None, 'YR2011', None]
['TTO', None, 'YR2010', None]
['TUN', None, 'YR2023', None]
['TUN', None, 'YR2022', None]
['TUN', None, 'YR2021', None]
['TUN', None, 'YR2020', None]
['TUN', None, 'YR2019', None]
['TUN', None, 'YR2018', None]
['TUN', None, 'YR2017', None]
['TUN', None, 'YR2016', None]
['TUN', None, 'YR2015', None]
['TUN', None, 'YR2014', None]
['TUN', None, 'YR2013', None]
['TUN', 31420100000, 'YR2012', 42.5197543010178]
['TUN', 28779500000, 'YR2011', 42.4807224505219]
['TUN', 25639600000, 'YR2010', 38.7660002963438]
['TUR', None, 'YR2023', None]
['TUR', 5291019729540.62, 'YR2022', 35.2457945651509]
['TUR', 3089354761757.86, 'YR2021', 42.5757208411558]
['TUR', 2110384229068.51, 'YR2020', 41.8016401694205]
['TUR', 1463944856594.72, 'YR2019', 33.9048002713116]
['TUR', 1098685088908.14, 'YR2018', 29.2112895019295]
['TUR', 929678457484.915, 'YR2017', 29.6670769847807]
['TUR', 788843272377.922, 'YR2016', 30.0333272262847]
['TUR', 681906402859.628, 'YR2015', 29.0056748886147]
['TUR', 644136835486.386, 'YR2014', 31.3464166832739]
['TUR', 585714854012.579, 'YR2013', 32.1216452754771]
['TUR', 600333147171.381, 'YR2012', 37.9602291228126]
['TUR', 563052191242.207, 'YR2011', 40.0769538067827]
['TUR', 527145804884.191, 'YR2010', 45.145314794996]
['TKM', None, 'YR2023', None]
['TKM', None, 'YR2022', None]
['TKM', None, 'YR2021', None]
['TKM', None, 'YR2020', None]
['TKM', None, 'YR2019', None]
['TKM', None, 'YR2018', None]
['TKM', None, 'YR2017', None]
['TKM', None, 'YR2016', None]
['TKM', None, 'YR2015', None]
['TKM', None, 'YR2014', None]
['TKM', None, 'YR2013', None]
['TKM', None, 'YR2012', None]
['TKM', None, 'YR2011', None]
['TKM', None, 'YR2010', None]
['UGA', None, 'YR2023', None]
['UGA', None, 'YR2022', None]
['UGA', 76087105572302, 'YR2021', 51.3026623500341]
['UGA', 61722881770559, 'YR2020', 44.1859143089867]
['UGA', 50824110408736, 'YR2019', 38.4769453120331]
['UGA', 41776374850242, 'YR2018', 34.6735709945694]
['UGA', None, 'YR2017', None]
['UGA', None, 'YR2016', None]
['UGA', None, 'YR2015', None]
['UGA', None, 'YR2014', None]
['UGA', None, 'YR2013', None]
['UGA', None, 'YR2012', None]
['UGA', None, 'YR2011', None]
['UGA', None, 'YR2010', None]
['UKR', None, 'YR2023', None]
['UKR', None, 'YR2022', None]
['UKR', None, 'YR2021', None]
['UKR', 2479012600000, 'YR2020', 58.7161850732326]
['UKR', 1922071200000, 'YR2019', 48.3272696003568]
['UKR', 2026023700000, 'YR2018', 56.9059506749708]
['UKR', 1989511300000, 'YR2017', 66.7346465062875]
['UKR', 1712921200000, 'YR2016', 71.8095454494004]
['UKR', 1397127900000, 'YR2015', 70.2588376218982]
['UKR', 1010314500000, 'YR2014', 63.6653191884884]
['UKR', 542544000000, 'YR2013', 35.6313995863809]
['UKR', 473417000000, 'YR2012', 32.445911715199]
['UKR', 357273400000, 'YR2011', 26.4808201734686]
['UKR', 323475200000, 'YR2010', 28.8666366228354]
['GBR', None, 'YR2023', None]
['GBR', None, 'YR2022', None]
['GBR', 4233600000000, 'YR2021', 185.352608206634]
['GBR', 4121984000000, 'YR2020', 195.88497391992]
['GBR', 3581810000000, 'YR2019', 160.337361974752]
['GBR', 3404472000000, 'YR2018', 158.178026895829]
['GBR', 3358710000000, 'YR2017', 161.283987088484]
['GBR', 3119258000000, 'YR2016', 156.61716822024]
['GBR', 2835604000000, 'YR2015', 147.961205373892]
['GBR', 2804970000000, 'YR2014', 150.601284070885]
['GBR', 2522980000000, 'YR2013', 141.632156536491]
['GBR', 2518771000000, 'YR2012', 146.977239505986]
['GBR', 2388790000000, 'YR2011', 143.678838438821]
['GBR', 2107248000000, 'YR2010', 131.002708645596]
['USA', None, 'YR2023', None]
['USA', 29432876000000, 'YR2022', 115.696631642669]
['USA', 28062375000000, 'YR2021', 120.36147560281]
['USA', 26587437000000, 'YR2020', 126.243300547564]
['USA', 21553102000000, 'YR2019', 100.805042202199]
['USA', 20340247000000, 'YR2018', 99.0609761173397]
['USA', 19027982000000, 'YR2017', 97.6929363628875]
['USA', 18415451000000, 'YR2016', 98.5041017174837]
['USA', 17555197000000, 'YR2015', 96.4252279492666]
['USA', 16807707000000, 'YR2014', 95.7666986884038]
['USA', 16091090000000, 'YR2013', 95.5346882113219]
['USA', 15221725000000, 'YR2012', 93.6492617595668]
['USA', 13969060000000, 'YR2011', 89.5468170333317]
['USA', 12786264000000, 'YR2010', 84.9644109904045]
['URY', None, 'YR2023', None]
['URY', None, 'YR2022', None]
['URY', None, 'YR2021', None]
['URY', 1359155730462.28, 'YR2020', 60.2803733247877]
['URY', 1099719062582.05, 'YR2019', 50.2718107442275]
['URY', 950488523890.387, 'YR2018', 47.4442169065287]
['URY', 840249385664.525, 'YR2017', 45.0743852139174]
['URY', 805482973891.575, 'YR2016', 46.4584668709828]
['URY', 745197458875.336, 'YR2015', 47.2765585126953]
['URY', 590186383919.879, 'YR2014', 41.2850007406183]
['URY', 503629000000, 'YR2013', 40.0884943756463]
['URY', 451921292968.607, 'YR2012', 41.0282347488741]
['URY', 420115955322.645, 'YR2011', 43.2074168775786]
['URY', 357354146236.484, 'YR2010', 42.4666388141691]
['UZB', None, 'YR2023', None]
['UZB', None, 'YR2022', None]
['UZB', None, 'YR2021', None]
['UZB', None, 'YR2020', None]
['UZB', None, 'YR2019', None]
['UZB', None, 'YR2018', None]
['UZB', None, 'YR2017', None]
['UZB', None, 'YR2016', None]
['UZB', None, 'YR2015', None]
['UZB', None, 'YR2014', None]
['UZB', None, 'YR2013', None]
['UZB', None, 'YR2012', None]
['UZB', None, 'YR2011', None]
['UZB', None, 'YR2010', None]
['VUT', None, 'YR2023', None]
['VUT', None, 'YR2022', None]
['VUT', None, 'YR2021', None]
['VUT', None, 'YR2020', None]
['VUT', None, 'YR2019', None]
['VUT', None, 'YR2018', None]
['VUT', None, 'YR2017', None]
['VUT', None, 'YR2016', None]
['VUT', None, 'YR2015', None]
['VUT', None, 'YR2014', None]
['VUT', None, 'YR2013', None]
['VUT', None, 'YR2012', None]
['VUT', None, 'YR2011', None]
['VUT', None, 'YR2010', None]
['VEN', None, 'YR2023', None]
['VEN', None, 'YR2022', None]
['VEN', None, 'YR2021', None]
['VEN', None, 'YR2020', None]
['VEN', None, 'YR2019', None]
['VEN', None, 'YR2018', None]
['VEN', None, 'YR2017', None]
['VEN', None, 'YR2016', None]
['VEN', None, 'YR2015', None]
['VEN', None, 'YR2014', None]
['VEN', None, 'YR2013', None]
['VEN', None, 'YR2012', None]
['VEN', None, 'YR2011', None]
['VEN', None, 'YR2010', None]
['VNM', None, 'YR2023', None]
['VNM', None, 'YR2022', None]
['VNM', None, 'YR2021', None]
['VNM', None, 'YR2020', None]
['VNM', None, 'YR2019', None]
['VNM', None, 'YR2018', None]
['VNM', None, 'YR2017', None]
['VNM', None, 'YR2016', None]
['VNM', None, 'YR2015', None]
['VNM', None, 'YR2014', None]
['VNM', None, 'YR2013', None]
['VNM', None, 'YR2012', None]
['VNM', None, 'YR2011', None]
['VNM', None, 'YR2010', None]
['YEM', None, 'YR2023', None]
['YEM', None, 'YR2022', None]
['YEM', None, 'YR2021', None]
['YEM', None, 'YR2020', None]
['YEM', None, 'YR2019', None]
['YEM', None, 'YR2018', None]
['YEM', None, 'YR2017', None]
['YEM', None, 'YR2016', None]
['YEM', None, 'YR2015', None]
['YEM', None, 'YR2014', None]
['YEM', None, 'YR2013', None]
['YEM', None, 'YR2012', None]
['YEM', None, 'YR2011', None]
['YEM', None, 'YR2010', None]
['ZMB', None, 'YR2023', None]
['ZMB', None, 'YR2022', None]
['ZMB', 315877936572.04, 'YR2021', 71.4111761628814]
['ZMB', 344509653199.69, 'YR2020', 103.698242413644]
['ZMB', 186068249736.33, 'YR2019', 61.9301173816653]
['ZMB', 164312808917.16, 'YR2018', 59.7122211727371]
['ZMB', 128742864899.53, 'YR2017', 52.2809418398754]
['ZMB', 100340554370.97, 'YR2016', 46.4328935811391]
['ZMB', 90603687636.18, 'YR2015', 49.4073473457883]
['ZMB', 74164628681.67, 'YR2014', 44.3958675879332]
['ZMB', 36658412577.87, 'YR2013', 24.2239941438767]
['ZMB', 30834351310.38, 'YR2012', 23.4889192806696]
['ZMB', 20582251336.0028, 'YR2011', 18.0499093578444]
['ZMB', 16839265947.337, 'YR2010', 17.3215114809658]
['ZWE', None, 'YR2023', None]
['ZWE', None, 'YR2022', None]
['ZWE', None, 'YR2021', None]
['ZWE', None, 'YR2020', None]
['ZWE', None, 'YR2019', None]
['ZWE', None, 'YR2018', None]
['ZWE', None, 'YR2017', None]
['ZWE', None, 'YR2016', None]
['ZWE', None, 'YR2015', None]
['ZWE', None, 'YR2014', None]
['ZWE', None, 'YR2013', None]
['ZWE', None, 'YR2012', None]
['ZWE', None, 'YR2011', None]
['ZWE', None, 'YR2010', None]
